order_id,customer_id,product_id,order_date,quantity,unit_price,amount,currency,channel
O0001,C054,P04,2024-09-16,4,473.12,1892.48,EUR,web
O0002,C054,P08,2023-03-28,3,148.89,446.67,EUR,sales
O0003,C031,P02,2023-07-24,4,466.25,1865.00,EUR,web
O0004,C030,P07,2024-02-10,3,303.96,911.88,USD,partner
O0005,C009,P12,2023-06-24,1,457.67,457.67,EUR,web
O0006,C010,P03,2024-11-02,5,601.19,3005.95,GBP,sales
O0007,C010,P10,2023-12-25,4,631.14,2524.56,EUR,sales
O0008,C007,P09,2024-10-27,2,312.33,624.66,USD,sales
O0009,C053,P12,2023-07-19,2,457.67,915.34,USD,web
O0010,C016,P01,2024-05-28,3,808.16,2424.48,USD,sales
O0011,C004,P06,2023-05-15,3,120.56,361.68,USD,sales
O0012,C027,P06,2024-06-13,4,120.56,482.24,EUR,sales
O0013,C002,P03,2024-06-06,5,601.19,3005.95,USD,partner
O0014,C012,P03,2023-06-03,5,601.19,3005.95,USD,web
O0015,C004,P08,2024-07-23,5,148.89,744.45,EUR,partner
O0016,C051,P11,2024-05-09,5,272.82,1364.10,USD,web
O0017,C003,P09,2023-10-11,1,312.33,312.33,USD,web
O0018,C029,P09,2023-03-06,4,312.33,1249.32,USD,partner
O0019,C045,P10,2023-07-24,5,631.14,3155.70,EUR,partner
O0020,C033,P08,2024-05-04,5,148.89,744.45,USD,web
O0021,C060,P12,2023-09-23,5,457.67,2288.35,GBP,sales
O0022,C026,P04,2023-05-05,4,473.12,1892.48,USD,partner
O0023,C005,P06,2024-03-14,1,120.56,120.56,EUR,web
O0024,C046,P11,2023-06-08,3,272.82,818.46,EUR,sales
O0025,C030,P11,2023-05-21,3,272.82,818.46,USD,web
O0026,C011,P12,2024-05-13,1,457.67,457.67,USD,sales
O0027,C026,P04,2024-06-11,2,473.12,946.24,EUR,partner
O0028,C047,P07,2023-04-05,2,303.96,607.92,USD,partner
O0029,C046,P01,2024-03-27,3,808.16,2424.48,USD,web
O0030,C033,P07,2023-10-30,3,303.96,911.88,USD,web
O0031,C006,P02,2023-04-18,2,466.25,932.50,GBP,partner
O0032,C018,P05,2023-07-05,1,492.93,492.93,GBP,web
O0033,C059,P07,2024-07-03,3,303.96,911.88,USD,sales
O0034,C018,P10,2023-04-02,4,631.14,2524.56,EUR,web
O0035,C018,P12,2023-03-16,2,457.67,915.34,USD,web
O0036,C039,P11,2023-03-27,1,272.82,272.82,EUR,web
O0037,C001,P02,2024-04-09,3,466.25,1398.75,GBP,partner
O0038,C040,P09,2023-10-02,4,312.33,1249.32,GBP,web
O0039,C011,P01,2023-04-23,5,808.16,4040.80,EUR,partner
O0040,C041,P01,2023-11-16,2,808.16,1616.32,USD,partner
O0041,C044,P09,2024-05-27,2,312.33,624.66,USD,web
O0042,C003,P05,2023-09-14,3,492.93,1478.79,EUR,web
O0043,C033,P01,2023-07-14,5,808.16,4040.80,USD,partner
O0044,C028,P04,2024-10-27,4,473.12,1892.48,USD,sales
O0045,C033,P08,2024-02-07,5,148.89,744.45,EUR,partner
O0046,C013,P12,2023-12-17,2,457.67,915.34,GBP,sales
O0047,C004,P12,2023-12-22,2,457.67,915.34,USD,web
O0048,C028,P01,2023-09-19,1,808.16,808.16,EUR,web
O0049,C056,P01,2024-01-26,1,808.16,808.16,EUR,sales
O0050,C019,P11,2024-12-10,3,272.82,818.46,USD,web
O0051,C001,P08,2024-04-01,2,148.89,297.78,USD,partner
O0052,C021,P06,2024-07-14,3,120.56,361.68,GBP,web
O0053,C001,P01,2023-07-07,3,808.16,2424.48,USD,partner
O0054,C042,P07,2024-05-29,1,303.96,303.96,USD,web
O0055,C017,P04,2023-04-04,5,473.12,2365.60,EUR,web
O0056,C002,P03,2024-02-08,4,601.19,2404.76,USD,partner
O0057,C055,P05,2024-06-25,2,492.93,985.86,USD,web
O0058,C047,P11,2023-11-30,5,272.82,1364.10,USD,partner
O0059,C010,P03,2024-10-20,3,601.19,1803.57,EUR,web
O0060,C052,P12,2024-12-18,5,457.67,2288.35,EUR,sales
O0061,C054,P03,2024-08-05,5,601.19,3005.95,EUR,web
O0062,C044,P11,2024-12-29,5,272.82,1364.10,EUR,sales
O0063,C009,P11,2023-02-12,2,272.82,545.64,USD,sales
O0064,C036,P06,2024-04-07,1,120.56,120.56,USD,web
O0065,C016,P11,2024-11-28,1,272.82,272.82,EUR,partner
O0066,C048,P05,2023-03-13,1,492.93,492.93,USD,sales
O0067,C048,P09,2023-03-09,1,312.33,312.33,EUR,sales
O0068,C016,P08,2023-09-29,3,148.89,446.67,EUR,sales
O0069,C032,P04,2024-04-16,2,473.12,946.24,EUR,partner
O0070,C050,P02,2023-10-22,4,466.25,1865.00,GBP,web
O0071,C022,P10,2023-05-31,2,631.14,1262.28,USD,partner
O0072,C001,P11,2023-05-17,3,272.82,818.46,EUR,partner
O0073,C007,P01,2024-11-19,4,808.16,3232.64,USD,sales
O0074,C019,P04,2024-06-12,4,473.12,1892.48,USD,partner
O0075,C013,P08,2024-07-16,4,148.89,595.56,EUR,partner
O0076,C005,P02,2024-04-14,4,466.25,1865.00,USD,sales
O0077,C005,P08,2023-08-04,3,148.89,446.67,USD,sales
O0078,C024,P02,2023-09-26,2,466.25,932.50,EUR,web
O0079,C046,P10,2023-04-26,5,631.14,3155.70,USD,partner
O0080,C026,P04,2024-05-12,4,473.12,1892.48,GBP,web
O0081,C029,P03,2024-11-28,1,601.19,601.19,GBP,partner
O0082,C021,P05,2024-01-21,2,492.93,985.86,USD,web
O0083,C054,P06,2023-12-13,1,120.56,120.56,USD,partner
O0084,C017,P02,2023-10-24,2,466.25,932.50,EUR,partner
O0085,C005,P02,2024-08-26,4,466.25,1865.00,USD,partner
O0086,C007,P07,2023-10-15,3,303.96,911.88,GBP,web
O0087,C016,P11,2023-06-02,3,272.82,818.46,EUR,partner
O0088,C051,P07,2024-01-18,5,303.96,1519.80,USD,partner
O0089,C036,P01,2024-07-21,4,808.16,3232.64,GBP,web
O0090,C029,P12,2024-02-25,1,457.67,457.67,USD,sales
O0091,C009,P03,2024-07-17,3,601.19,1803.57,USD,web
O0092,C017,P08,2023-11-01,4,148.89,595.56,USD,sales
O0093,C020,P12,2023-09-02,3,457.67,1373.01,USD,partner
O0094,C011,P09,2024-10-20,4,312.33,1249.32,USD,web
O0095,C036,P04,2024-05-24,5,473.12,2365.60,GBP,web
O0096,C028,P08,2024-04-05,3,148.89,446.67,GBP,web
O0097,C022,P09,2023-06-28,2,312.33,624.66,USD,sales
O0098,C052,P02,2023-09-22,3,466.25,1398.75,USD,sales
O0099,C025,P04,2024-02-27,1,473.12,473.12,EUR,partner
O0100,C022,P12,2023-10-04,5,457.67,2288.35,USD,web
O0101,C009,P08,2024-01-04,3,148.89,446.67,USD,sales
O0102,C006,P09,2023-08-10,5,312.33,1561.65,EUR,partner
O0103,C028,P04,2024-04-01,4,473.12,1892.48,USD,partner
O0104,C049,P01,2024-12-27,2,808.16,1616.32,USD,partner
O0105,C060,P10,2024-02-05,4,631.14,2524.56,USD,sales
O0106,C015,P08,2023-04-22,4,148.89,595.56,USD,web
O0107,C053,P03,2023-04-22,5,601.19,3005.95,GBP,sales
O0108,C001,P12,2023-02-10,4,457.67,1830.68,USD,web
O0109,C046,P04,2024-10-22,5,473.12,2365.60,GBP,partner
O0110,C045,P03,2024-03-23,3,601.19,1803.57,USD,web
O0111,C013,P02,2024-08-19,1,466.25,466.25,USD,partner
O0112,C001,P05,2023-01-02,2,492.93,985.86,EUR,sales
O0113,C042,P05,2023-11-20,4,492.93,1971.72,USD,web
O0114,C002,P08,2023-09-10,5,148.89,744.45,USD,partner
O0115,C032,P12,2023-07-18,3,457.67,1373.01,USD,sales
O0116,C043,P11,2023-08-22,4,272.82,1091.28,USD,partner
O0117,C022,P06,2024-12-13,2,120.56,241.12,USD,sales
O0118,C001,P07,2023-07-22,3,303.96,911.88,EUR,partner
O0119,C013,P12,2024-05-22,5,457.67,2288.35,USD,partner
O0120,C049,P04,2023-09-29,2,473.12,946.24,USD,partner
O0121,C058,P02,2023-07-11,5,466.25,2331.25,USD,web
O0122,C039,P08,2023-02-27,4,148.89,595.56,GBP,web
O0123,C010,P07,2024-09-02,1,303.96,303.96,USD,partner
O0124,C058,P01,2024-04-05,1,808.16,808.16,USD,sales
O0125,C022,P06,2023-06-19,1,120.56,120.56,GBP,web
O0126,C020,P03,2023-02-02,5,601.19,3005.95,EUR,sales
O0127,C029,P12,2023-12-06,4,457.67,1830.68,EUR,web
O0128,C023,P02,2023-03-24,1,466.25,466.25,USD,partner
O0129,C025,P02,2023-08-01,5,466.25,2331.25,GBP,partner
O0130,C031,P05,2024-12-23,4,492.93,1971.72,USD,web
O0131,C021,P06,2023-07-17,5,120.56,602.80,GBP,partner
O0132,C016,P12,2024-02-25,4,457.67,1830.68,USD,sales
O0133,C005,P07,2024-04-20,1,303.96,303.96,USD,web
O0134,C022,P05,2024-09-12,2,492.93,985.86,EUR,partner
O0135,C003,P05,2024-09-23,3,492.93,1478.79,GBP,partner
O0136,C001,P12,2023-11-01,3,457.67,1373.01,GBP,sales
O0137,C007,P10,2023-08-28,1,631.14,631.14,USD,partner
O0138,C051,P12,2024-01-31,4,457.67,1830.68,GBP,partner
O0139,C012,P07,2024-05-23,4,303.96,1215.84,USD,web
O0140,C039,P12,2023-06-04,3,457.67,1373.01,EUR,web
O0141,C006,P06,2024-09-02,3,120.56,361.68,USD,sales
O0142,C027,P04,2023-09-11,4,473.12,1892.48,EUR,web
O0143,C021,P11,2024-07-11,1,272.82,272.82,USD,web
O0144,C040,P07,2023-09-29,1,303.96,303.96,GBP,web
O0145,C029,P04,2024-12-27,1,473.12,473.12,USD,web
O0146,C058,P04,2024-09-27,2,473.12,946.24,USD,sales
O0147,C049,P04,2024-11-11,5,473.12,2365.60,EUR,web
O0148,C024,P05,2023-10-02,3,492.93,1478.79,USD,partner
O0149,C012,P12,2023-09-11,3,457.67,1373.01,USD,web
O0150,C013,P04,2024-08-15,2,473.12,946.24,USD,partner
O0151,C033,P02,2023-09-09,4,466.25,1865.00,USD,sales
O0152,C007,P04,2023-02-07,1,473.12,473.12,EUR,web
O0153,C003,P08,2024-01-18,2,148.89,297.78,EUR,partner
O0154,C053,P04,2024-09-06,1,473.12,473.12,USD,sales
O0155,C029,P04,2023-07-02,1,473.12,473.12,USD,sales
O0156,C046,P05,2024-09-02,1,492.93,492.93,USD,sales
O0157,C010,P06,2023-12-15,2,120.56,241.12,USD,web
O0158,C059,P04,2024-10-29,3,473.12,1419.36,USD,web
O0159,C012,P01,2024-01-16,3,808.16,2424.48,USD,sales
O0160,C036,P05,2024-05-22,1,492.93,492.93,USD,partner
O0161,C043,P02,2024-02-09,4,466.25,1865.00,USD,sales
O0162,C026,P03,2023-06-17,5,601.19,3005.95,USD,sales
O0163,C020,P05,2024-11-14,4,492.93,1971.72,GBP,partner
O0164,C027,P01,2024-01-01,3,808.16,2424.48,EUR,partner
O0165,C047,P01,2024-02-05,3,808.16,2424.48,EUR,partner
O0166,C028,P04,2023-06-10,1,473.12,473.12,USD,web
O0167,C030,P02,2024-01-09,4,466.25,1865.00,USD,web
O0168,C042,P03,2023-05-26,1,601.19,601.19,USD,partner
O0169,C048,P02,2024-01-15,5,466.25,2331.25,EUR,sales
O0170,C034,P03,2023-06-15,2,601.19,1202.38,USD,web
O0171,C020,P02,2023-07-22,1,466.25,466.25,USD,web
O0172,C060,P01,2024-09-14,4,808.16,3232.64,USD,sales
O0173,C045,P07,2024-09-27,1,303.96,303.96,GBP,web
O0174,C055,P11,2024-09-21,2,272.82,545.64,EUR,web
O0175,C026,P08,2023-02-12,2,148.89,297.78,USD,sales
O0176,C016,P03,2023-06-03,4,601.19,2404.76,USD,sales
O0177,C003,P04,2024-11-19,1,473.12,473.12,GBP,sales
O0178,C036,P06,2024-04-11,1,120.56,120.56,USD,sales
O0179,C028,P05,2023-09-13,4,492.93,1971.72,USD,partner
O0180,C012,P11,2024-03-24,3,272.82,818.46,USD,web
O0181,C016,P01,2024-04-21,5,808.16,4040.80,GBP,partner
O0182,C026,P10,2024-04-29,4,631.14,2524.56,EUR,web
O0183,C006,P02,2024-01-10,2,466.25,932.50,USD,partner
O0184,C041,P09,2023-02-11,5,312.33,1561.65,EUR,web
O0185,C006,P02,2024-06-07,3,466.25,1398.75,EUR,web
O0186,C002,P09,2023-05-20,4,312.33,1249.32,EUR,web
O0187,C019,P10,2024-05-18,1,631.14,631.14,USD,web
O0188,C040,P11,2023-12-26,2,272.82,545.64,USD,partner
O0189,C058,P03,2023-10-09,3,601.19,1803.57,GBP,partner
O0190,C014,P03,2024-05-06,3,601.19,1803.57,USD,sales
O0191,C024,P05,2023-11-23,5,492.93,2464.65,USD,web
O0192,C060,P04,2024-10-13,2,473.12,946.24,USD,partner
O0193,C051,P11,2023-06-22,3,272.82,818.46,GBP,partner
O0194,C056,P02,2024-01-04,5,466.25,2331.25,USD,partner
O0195,C017,P09,2023-04-18,5,312.33,1561.65,USD,sales
O0196,C017,P11,2024-01-16,4,272.82,1091.28,EUR,partner
O0197,C049,P06,2023-12-05,5,120.56,602.80,USD,web
O0198,C019,P08,2023-02-19,2,148.89,297.78,USD,sales
O0199,C060,P05,2024-08-22,3,492.93,1478.79,EUR,sales
O0200,C010,P06,2023-08-15,1,120.56,120.56,EUR,partner
O0201,C058,P10,2024-01-08,4,631.14,2524.56,USD,web
O0202,C003,P03,2024-10-30,4,601.19,2404.76,USD,web
O0203,C007,P01,2023-11-08,1,808.16,808.16,USD,sales
O0204,C020,P06,2024-08-20,5,120.56,602.80,USD,sales
O0205,C011,P03,2024-05-01,2,601.19,1202.38,USD,web
O0206,C007,P01,2024-04-06,2,808.16,1616.32,EUR,web
O0207,C026,P11,2023-10-04,2,272.82,545.64,GBP,partner
O0208,C058,P01,2024-07-29,1,808.16,808.16,EUR,partner
O0209,C047,P10,2024-06-14,5,631.14,3155.70,USD,partner
O0210,C004,P04,2023-02-15,2,473.12,946.24,GBP,sales
O0211,C004,P01,2023-06-13,4,808.16,3232.64,USD,web
O0212,C010,P01,2023-07-21,5,808.16,4040.80,USD,partner
O0213,C042,P04,2024-06-03,5,473.12,2365.60,EUR,sales
O0214,C005,P07,2023-11-13,5,303.96,1519.80,USD,partner
O0215,C046,P11,2024-05-04,1,272.82,272.82,GBP,sales
O0216,C006,P01,2024-04-21,4,808.16,3232.64,EUR,sales
O0217,C017,P11,2023-04-18,4,272.82,1091.28,USD,web
O0218,C055,P11,2024-12-12,1,272.82,272.82,USD,partner
O0219,C044,P12,2024-07-21,1,457.67,457.67,USD,partner
O0220,C042,P11,2023-10-30,5,272.82,1364.10,GBP,web
O0221,C058,P02,2023-09-24,5,466.25,2331.25,USD,web
O0222,C013,P12,2023-12-01,2,457.67,915.34,GBP,partner
O0223,C059,P06,2024-10-07,5,120.56,602.80,USD,sales
O0224,C045,P11,2024-06-27,5,272.82,1364.10,USD,web
O0225,C037,P01,2023-08-28,4,808.16,3232.64,GBP,partner
O0226,C037,P04,2023-03-21,4,473.12,1892.48,EUR,web
O0227,C040,P03,2023-04-20,1,601.19,601.19,USD,web
O0228,C003,P06,2023-02-01,2,120.56,241.12,EUR,web
O0229,C005,P12,2023-02-17,1,457.67,457.67,EUR,sales
O0230,C058,P06,2024-06-30,2,120.56,241.12,EUR,sales
O0231,C014,P02,2023-07-30,4,466.25,1865.00,USD,web
O0232,C006,P01,2024-10-11,1,808.16,808.16,GBP,sales
O0233,C007,P11,2023-05-16,3,272.82,818.46,USD,sales
O0234,C017,P04,2024-03-09,3,473.12,1419.36,USD,web
O0235,C046,P06,2023-02-19,3,120.56,361.68,GBP,partner
O0236,C040,P06,2023-10-22,5,120.56,602.80,USD,sales
O0237,C050,P01,2024-06-15,4,808.16,3232.64,USD,web
O0238,C037,P06,2024-07-04,4,120.56,482.24,EUR,web
O0239,C011,P12,2023-10-22,1,457.67,457.67,USD,partner
O0240,C001,P01,2023-02-25,5,808.16,4040.80,USD,partner
O0241,C032,P08,2023-07-08,1,148.89,148.89,USD,sales
O0242,C019,P06,2023-06-12,5,120.56,602.80,USD,web
O0243,C041,P12,2023-04-23,2,457.67,915.34,USD,web
O0244,C021,P08,2024-10-05,5,148.89,744.45,EUR,partner
O0245,C028,P02,2023-03-30,4,466.25,1865.00,GBP,sales
O0246,C028,P01,2023-09-27,3,808.16,2424.48,USD,sales
O0247,C015,P09,2024-10-07,2,312.33,624.66,USD,partner
O0248,C049,P03,2024-12-06,5,601.19,3005.95,USD,sales
O0249,C034,P11,2023-12-01,1,272.82,272.82,USD,web
O0250,C030,P08,2023-06-23,5,148.89,744.45,EUR,partner
O0251,C022,P12,2023-05-10,3,457.67,1373.01,USD,partner
O0252,C020,P11,2023-10-01,2,272.82,545.64,USD,sales
O0253,C047,P10,2023-09-11,2,631.14,1262.28,EUR,partner
O0254,C021,P10,2023-08-30,5,631.14,3155.70,USD,web
O0255,C007,P05,2024-11-04,1,492.93,492.93,USD,web
O0256,C047,P07,2023-11-06,2,303.96,607.92,GBP,partner
O0257,C059,P07,2024-10-15,3,303.96,911.88,USD,web
O0258,C003,P05,2024-04-20,2,492.93,985.86,GBP,web
O0259,C041,P07,2024-05-27,4,303.96,1215.84,EUR,partner
O0260,C048,P08,2024-09-10,1,148.89,148.89,USD,partner
O0261,C045,P01,2024-03-16,2,808.16,1616.32,GBP,sales
O0262,C047,P10,2024-11-14,4,631.14,2524.56,EUR,sales
O0263,C012,P11,2024-11-26,5,272.82,1364.10,GBP,sales
O0264,C041,P02,2023-09-24,4,466.25,1865.00,USD,sales
O0265,C046,P02,2024-02-14,4,466.25,1865.00,USD,sales
O0266,C031,P11,2024-03-09,2,272.82,545.64,USD,partner
O0267,C044,P01,2024-06-14,5,808.16,4040.80,GBP,sales
O0268,C054,P03,2024-02-03,3,601.19,1803.57,EUR,partner
O0269,C011,P02,2023-08-12,1,466.25,466.25,USD,sales
O0270,C030,P04,2024-08-11,5,473.12,2365.60,USD,sales
O0271,C051,P04,2024-10-16,4,473.12,1892.48,USD,partner
O0272,C014,P09,2024-04-12,3,312.33,936.99,USD,sales
O0273,C047,P03,2023-05-06,4,601.19,2404.76,USD,sales
O0274,C026,P06,2024-01-27,1,120.56,120.56,USD,web
O0275,C041,P01,2024-03-06,1,808.16,808.16,USD,sales
O0276,C015,P11,2023-04-22,3,272.82,818.46,USD,partner
O0277,C015,P12,2024-06-23,4,457.67,1830.68,GBP,partner
O0278,C052,P08,2023-03-12,2,148.89,297.78,USD,sales
O0279,C053,P04,2023-08-20,4,473.12,1892.48,EUR,web
O0280,C049,P06,2023-10-29,4,120.56,482.24,USD,sales
O0281,C023,P11,2024-04-25,2,272.82,545.64,EUR,web
O0282,C044,P05,2024-03-12,4,492.93,1971.72,EUR,web
O0283,C023,P08,2023-10-15,1,148.89,148.89,EUR,web
O0284,C028,P11,2024-05-11,3,272.82,818.46,USD,sales
O0285,C010,P11,2024-01-07,1,272.82,272.82,EUR,partner
O0286,C058,P07,2024-08-01,1,303.96,303.96,USD,partner
O0287,C038,P03,2024-10-10,5,601.19,3005.95,EUR,web
O0288,C042,P11,2023-03-15,1,272.82,272.82,USD,partner
O0289,C055,P05,2023-05-27,5,492.93,2464.65,USD,web
O0290,C014,P03,2023-06-06,4,601.19,2404.76,USD,partner
O0291,C039,P09,2024-12-05,2,312.33,624.66,EUR,web
O0292,C013,P11,2023-11-01,5,272.82,1364.10,EUR,partner
O0293,C043,P12,2024-03-25,2,457.67,915.34,USD,web
O0294,C053,P09,2023-08-28,1,312.33,312.33,USD,web
O0295,C030,P08,2024-05-10,4,148.89,595.56,USD,web
O0296,C035,P12,2023-06-18,4,457.67,1830.68,USD,sales
O0297,C030,P12,2023-11-25,1,457.67,457.67,USD,sales
O0298,C024,P10,2024-04-21,4,631.14,2524.56,EUR,partner
O0299,C041,P07,2024-01-05,1,303.96,303.96,USD,sales
O0300,C048,P01,2024-11-29,1,808.16,808.16,EUR,partner
O0301,C003,P02,2023-05-28,5,466.25,2331.25,USD,web
O0302,C007,P12,2023-12-13,4,457.67,1830.68,EUR,sales
O0303,C036,P06,2024-06-22,3,120.56,361.68,USD,web
O0304,C036,P05,2023-09-15,4,492.93,1971.72,USD,web
O0305,C026,P05,2024-05-20,3,492.93,1478.79,USD,partner
O0306,C014,P09,2023-12-20,3,312.33,936.99,GBP,sales
O0307,C046,P08,2023-11-21,1,148.89,148.89,USD,partner
O0308,C051,P03,2023-03-31,5,601.19,3005.95,GBP,web
O0309,C037,P07,2024-07-12,5,303.96,1519.80,GBP,web
O0310,C013,P07,2023-02-17,3,303.96,911.88,USD,partner
O0311,C040,P10,2024-07-10,1,631.14,631.14,EUR,partner
O0312,C045,P10,2024-12-14,2,631.14,1262.28,EUR,sales
O0313,C041,P11,2024-11-14,1,272.82,272.82,USD,partner
O0314,C056,P11,2023-07-05,2,272.82,545.64,USD,web
O0315,C001,P07,2024-11-02,1,303.96,303.96,GBP,partner
O0316,C056,P03,2023-09-22,3,601.19,1803.57,USD,partner
O0317,C028,P03,2023-01-21,4,601.19,2404.76,USD,sales
O0318,C032,P11,2023-02-25,5,272.82,1364.10,GBP,sales
O0319,C037,P09,2024-03-07,1,312.33,312.33,EUR,sales
O0320,C025,P07,2024-11-27,4,303.96,1215.84,USD,sales
O0321,C036,P10,2024-02-27,2,631.14,1262.28,USD,web
O0322,C041,P02,2023-06-05,4,466.25,1865.00,USD,web
O0323,C008,P07,2024-11-16,1,303.96,303.96,USD,web
O0324,C018,P04,2023-01-19,1,473.12,473.12,USD,sales
O0325,C060,P10,2023-07-11,2,631.14,1262.28,USD,web
O0326,C019,P06,2023-03-28,2,120.56,241.12,EUR,sales
O0327,C059,P09,2023-09-18,4,312.33,1249.32,USD,web
O0328,C057,P12,2023-01-16,1,457.67,457.67,USD,sales
O0329,C020,P11,2023-11-15,5,272.82,1364.10,USD,sales
O0330,C039,P10,2024-05-13,2,631.14,1262.28,GBP,web
O0331,C031,P06,2024-03-25,3,120.56,361.68,GBP,sales
O0332,C024,P03,2023-04-30,2,601.19,1202.38,GBP,sales
O0333,C018,P03,2024-04-08,4,601.19,2404.76,USD,sales
O0334,C042,P06,2024-09-28,3,120.56,361.68,USD,sales
O0335,C054,P10,2023-01-16,3,631.14,1893.42,GBP,web
O0336,C025,P10,2023-09-10,3,631.14,1893.42,USD,partner
O0337,C052,P11,2023-08-28,4,272.82,1091.28,EUR,partner
O0338,C028,P05,2023-10-02,1,492.93,492.93,USD,web
O0339,C052,P10,2023-05-25,1,631.14,631.14,USD,sales
O0340,C044,P03,2024-07-14,3,601.19,1803.57,GBP,partner
O0341,C032,P06,2024-07-20,5,120.56,602.80,USD,partner
O0342,C044,P04,2023-02-28,2,473.12,946.24,USD,partner
O0343,C049,P08,2024-08-23,2,148.89,297.78,GBP,web
O0344,C052,P07,2024-07-03,4,303.96,1215.84,USD,partner
O0345,C058,P02,2024-06-17,2,466.25,932.50,USD,partner
O0346,C013,P09,2024-08-26,3,312.33,936.99,USD,web
O0347,C019,P04,2024-12-18,2,473.12,946.24,USD,partner
O0348,C055,P10,2024-06-13,5,631.14,3155.70,USD,web
O0349,C024,P04,2024-05-20,1,473.12,473.12,GBP,web
O0350,C021,P06,2023-06-09,4,120.56,482.24,EUR,sales
O0351,C002,P01,2024-09-13,3,808.16,2424.48,USD,web
O0352,C032,P01,2024-08-02,2,808.16,1616.32,GBP,sales
O0353,C028,P10,2023-10-14,2,631.14,1262.28,USD,web
O0354,C017,P08,2023-05-15,5,148.89,744.45,EUR,web
O0355,C006,P06,2024-01-23,2,120.56,241.12,GBP,web
O0356,C030,P01,2024-12-23,1,808.16,808.16,USD,partner
O0357,C046,P02,2023-05-03,5,466.25,2331.25,EUR,web
O0358,C006,P05,2024-10-18,3,492.93,1478.79,USD,sales
O0359,C024,P09,2023-06-13,4,312.33,1249.32,USD,web
O0360,C023,P12,2023-09-20,2,457.67,915.34,USD,web
O0361,C017,P09,2023-02-18,1,312.33,312.33,EUR,sales
O0362,C021,P12,2023-05-29,4,457.67,1830.68,USD,web
O0363,C049,P04,2024-03-27,3,473.12,1419.36,USD,sales
O0364,C025,P02,2023-09-21,4,466.25,1865.00,USD,web
O0365,C016,P06,2024-03-27,4,120.56,482.24,USD,web
O0366,C052,P11,2023-07-19,1,272.82,272.82,USD,web
O0367,C056,P03,2024-09-25,2,601.19,1202.38,USD,partner
O0368,C060,P12,2023-04-10,2,457.67,915.34,EUR,partner
O0369,C021,P01,2023-12-14,1,808.16,808.16,USD,web
O0370,C022,P08,2023-05-27,1,148.89,148.89,EUR,web
O0371,C036,P12,2024-04-07,1,457.67,457.67,USD,web
O0372,C016,P08,2024-02-26,2,148.89,297.78,USD,web
O0373,C022,P01,2023-10-31,3,808.16,2424.48,USD,web
O0374,C058,P05,2024-04-12,4,492.93,1971.72,USD,partner
O0375,C041,P02,2023-02-28,2,466.25,932.50,GBP,sales
O0376,C008,P04,2023-10-21,5,473.12,2365.60,USD,partner
O0377,C016,P04,2023-09-25,3,473.12,1419.36,USD,web
O0378,C004,P02,2023-06-16,4,466.25,1865.00,USD,sales
O0379,C029,P05,2023-01-17,2,492.93,985.86,GBP,sales
O0380,C051,P06,2023-01-02,5,120.56,602.80,USD,sales
O0381,C059,P05,2023-02-11,2,492.93,985.86,USD,partner
O0382,C054,P04,2023-05-22,3,473.12,1419.36,USD,web
O0383,C039,P09,2023-07-21,2,312.33,624.66,EUR,web
O0384,C012,P02,2023-10-08,5,466.25,2331.25,EUR,web
O0385,C052,P03,2024-10-05,5,601.19,3005.95,EUR,web
O0386,C045,P10,2023-03-09,3,631.14,1893.42,USD,sales
O0387,C034,P09,2023-02-26,4,312.33,1249.32,EUR,partner
O0388,C006,P06,2024-05-19,3,120.56,361.68,EUR,web
O0389,C018,P07,2024-11-12,4,303.96,1215.84,USD,web
O0390,C003,P03,2024-01-11,5,601.19,3005.95,EUR,web
O0391,C023,P12,2023-01-05,3,457.67,1373.01,USD,sales
O0392,C046,P08,2024-01-01,5,148.89,744.45,USD,web
O0393,C019,P06,2023-03-04,4,120.56,482.24,USD,web
O0394,C034,P12,2023-01-27,4,457.67,1830.68,USD,sales
O0395,C015,P03,2023-04-01,1,601.19,601.19,USD,sales
O0396,C036,P03,2023-09-14,2,601.19,1202.38,USD,web
O0397,C017,P01,2023-07-19,1,808.16,808.16,GBP,web
O0398,C045,P10,2023-09-02,5,631.14,3155.70,USD,partner
O0399,C003,P02,2023-07-03,3,466.25,1398.75,GBP,partner
O0400,C049,P02,2024-05-27,4,466.25,1865.00,USD,partner
O0401,C035,P02,2023-05-21,1,466.25,466.25,USD,sales
O0402,C030,P04,2024-08-09,2,473.12,946.24,USD,sales
O0403,C041,P07,2023-01-19,2,303.96,607.92,GBP,partner
O0404,C034,P12,2024-09-09,4,457.67,1830.68,USD,web
O0405,C026,P07,2023-12-13,1,303.96,303.96,EUR,web
O0406,C052,P06,2024-07-31,4,120.56,482.24,EUR,partner
O0407,C010,P07,2024-06-13,5,303.96,1519.80,USD,sales
O0408,C041,P06,2024-11-10,2,120.56,241.12,GBP,web
O0409,C021,P06,2023-03-12,1,120.56,120.56,USD,partner
O0410,C009,P04,2023-08-19,5,473.12,2365.60,EUR,partner
O0411,C003,P07,2023-02-11,4,303.96,1215.84,EUR,sales
O0412,C018,P10,2024-09-30,3,631.14,1893.42,GBP,sales
O0413,C008,P09,2023-09-14,1,312.33,312.33,EUR,sales
O0414,C019,P01,2023-02-10,4,808.16,3232.64,USD,web
O0415,C004,P05,2023-05-04,3,492.93,1478.79,EUR,sales
O0416,C035,P09,2024-08-27,3,312.33,936.99,USD,web
O0417,C059,P08,2023-10-28,1,148.89,148.89,USD,partner
O0418,C048,P10,2023-03-31,3,631.14,1893.42,USD,sales
O0419,C015,P05,2024-08-06,4,492.93,1971.72,EUR,sales
O0420,C030,P07,2024-01-11,2,303.96,607.92,USD,sales
O0421,C002,P05,2023-11-14,5,492.93,2464.65,USD,web
O0422,C025,P06,2024-07-13,2,120.56,241.12,USD,sales
O0423,C056,P07,2023-06-16,1,303.96,303.96,GBP,web
O0424,C019,P06,2023-10-04,5,120.56,602.80,USD,web
O0425,C036,P05,2023-06-12,1,492.93,492.93,EUR,web
O0426,C034,P10,2023-03-05,3,631.14,1893.42,USD,partner
O0427,C034,P08,2023-04-22,3,148.89,446.67,EUR,web
O0428,C023,P11,2024-11-15,2,272.82,545.64,USD,web
O0429,C053,P11,2023-10-11,2,272.82,545.64,EUR,sales
O0430,C046,P02,2024-10-07,4,466.25,1865.00,USD,sales
O0431,C001,P12,2023-04-16,2,457.67,915.34,USD,partner
O0432,C037,P09,2024-02-12,5,312.33,1561.65,USD,web
O0433,C008,P07,2024-09-13,3,303.96,911.88,GBP,partner
O0434,C019,P08,2023-12-28,4,148.89,595.56,USD,partner
O0435,C042,P07,2024-01-29,5,303.96,1519.80,USD,partner
O0436,C012,P01,2023-11-04,4,808.16,3232.64,USD,sales
O0437,C038,P05,2024-01-22,2,492.93,985.86,USD,web
O0438,C054,P02,2024-09-14,3,466.25,1398.75,USD,web
O0439,C002,P06,2023-01-11,2,120.56,241.12,GBP,web
O0440,C059,P05,2023-11-04,5,492.93,2464.65,GBP,sales
O0441,C034,P05,2024-03-23,5,492.93,2464.65,EUR,sales
O0442,C003,P12,2024-01-02,4,457.67,1830.68,USD,sales
O0443,C044,P11,2023-01-11,3,272.82,818.46,USD,web
O0444,C033,P09,2024-01-19,2,312.33,624.66,USD,partner
O0445,C057,P11,2023-06-07,5,272.82,1364.10,GBP,web
O0446,C058,P07,2024-10-01,4,303.96,1215.84,USD,sales
O0447,C011,P06,2023-04-05,5,120.56,602.80,EUR,partner
O0448,C033,P06,2023-11-15,3,120.56,361.68,GBP,web
O0449,C057,P02,2024-06-05,3,466.25,1398.75,EUR,partner
O0450,C014,P11,2024-06-07,2,272.82,545.64,USD,sales
O0451,C037,P04,2024-10-07,4,473.12,1892.48,USD,sales
O0452,C041,P02,2024-10-08,3,466.25,1398.75,USD,sales
O0453,C020,P01,2023-01-03,4,808.16,3232.64,USD,sales
O0454,C026,P12,2023-11-08,5,457.67,2288.35,USD,web
O0455,C012,P10,2023-07-21,1,631.14,631.14,EUR,partner
O0456,C058,P09,2024-10-24,5,312.33,1561.65,USD,sales
O0457,C039,P09,2024-02-25,2,312.33,624.66,USD,web
O0458,C007,P03,2024-06-05,2,601.19,1202.38,USD,web
O0459,C032,P02,2024-06-19,1,466.25,466.25,USD,partner
O0460,C042,P10,2023-03-05,4,631.14,2524.56,EUR,web
O0461,C023,P11,2023-09-01,5,272.82,1364.10,USD,partner
O0462,C055,P03,2023-04-12,1,601.19,601.19,USD,sales
O0463,C025,P02,2024-09-30,3,466.25,1398.75,USD,web
O0464,C049,P01,2024-08-19,2,808.16,1616.32,GBP,web
O0465,C015,P08,2023-09-13,1,148.89,148.89,EUR,web
O0466,C001,P03,2023-11-19,5,601.19,3005.95,GBP,partner
O0467,C005,P05,2024-05-22,4,492.93,1971.72,EUR,web
O0468,C015,P11,2024-08-21,4,272.82,1091.28,EUR,partner
O0469,C002,P05,2024-05-11,4,492.93,1971.72,GBP,web
O0470,C012,P02,2024-01-24,2,466.25,932.50,USD,web
O0471,C022,P05,2023-04-28,4,492.93,1971.72,USD,sales
O0472,C008,P07,2023-03-09,3,303.96,911.88,USD,partner
O0473,C030,P06,2023-07-15,5,120.56,602.80,USD,partner
O0474,C043,P06,2023-10-13,2,120.56,241.12,USD,web
O0475,C006,P06,2023-05-13,2,120.56,241.12,USD,web
O0476,C036,P05,2023-05-11,5,492.93,2464.65,EUR,partner
O0477,C014,P08,2023-12-28,2,148.89,297.78,USD,sales
O0478,C014,P07,2024-08-17,4,303.96,1215.84,EUR,partner
O0479,C044,P08,2024-04-08,5,148.89,744.45,USD,web
O0480,C038,P12,2024-03-26,3,457.67,1373.01,USD,partner
O0481,C014,P09,2024-06-06,2,312.33,624.66,USD,web
O0482,C048,P02,2023-10-04,5,466.25,2331.25,USD,partner
O0483,C025,P01,2023-01-16,5,808.16,4040.80,USD,sales
O0484,C021,P02,2023-08-26,2,466.25,932.50,EUR,web
O0485,C052,P11,2024-01-06,1,272.82,272.82,USD,sales
O0486,C006,P05,2023-11-15,2,492.93,985.86,USD,web
O0487,C019,P05,2024-02-13,2,492.93,985.86,EUR,partner
O0488,C056,P07,2024-10-05,4,303.96,1215.84,EUR,web
O0489,C052,P05,2024-11-26,2,492.93,985.86,USD,sales
O0490,C043,P12,2023-01-26,3,457.67,1373.01,GBP,sales
O0491,C023,P12,2024-02-15,4,457.67,1830.68,USD,sales
O0492,C059,P02,2023-10-05,2,466.25,932.50,USD,sales
O0493,C026,P12,2023-02-11,2,457.67,915.34,EUR,web
O0494,C010,P10,2023-11-07,2,631.14,1262.28,USD,partner
O0495,C041,P12,2024-10-06,1,457.67,457.67,USD,web
O0496,C017,P10,2024-06-17,2,631.14,1262.28,USD,partner
O0497,C008,P11,2023-01-01,5,272.82,1364.10,USD,sales
O0498,C039,P05,2024-08-22,1,492.93,492.93,GBP,sales
O0499,C051,P01,2023-02-08,2,808.16,1616.32,EUR,partner
O0500,C027,P04,2023-03-30,3,473.12,1419.36,EUR,sales
O0501,C054,P12,2024-09-22,4,457.67,1830.68,GBP,web
O0502,C029,P05,2024-03-10,5,492.93,2464.65,USD,partner
O0503,C041,P12,2024-10-05,5,457.67,2288.35,EUR,partner
O0504,C028,P09,2023-07-30,1,312.33,312.33,EUR,sales
O0505,C003,P09,2023-07-13,2,312.33,624.66,USD,sales
O0506,C050,P09,2023-06-17,3,312.33,936.99,USD,sales
O0507,C011,P04,2023-03-02,5,473.12,2365.60,USD,partner
O0508,C020,P06,2024-10-13,4,120.56,482.24,USD,web
O0509,C046,P03,2023-09-01,4,601.19,2404.76,EUR,web
O0510,C060,P01,2023-05-17,5,808.16,4040.80,EUR,sales
O0511,C010,P06,2024-12-25,3,120.56,361.68,USD,sales
O0512,C036,P10,2023-05-01,2,631.14,1262.28,USD,partner
O0513,C054,P03,2024-04-17,2,601.19,1202.38,USD,partner
O0514,C024,P04,2023-01-13,1,473.12,473.12,EUR,partner
O0515,C020,P04,2023-10-15,1,473.12,473.12,USD,web
O0516,C011,P02,2023-04-26,3,466.25,1398.75,USD,partner
O0517,C011,P08,2023-10-24,4,148.89,595.56,USD,sales
O0518,C006,P02,2024-05-12,1,466.25,466.25,USD,sales
O0519,C017,P12,2024-07-31,3,457.67,1373.01,GBP,web
O0520,C013,P11,2024-05-15,4,272.82,1091.28,GBP,sales
O0521,C042,P06,2023-04-04,1,120.56,120.56,USD,partner
O0522,C045,P11,2024-10-30,5,272.82,1364.10,GBP,partner
O0523,C002,P11,2023-01-29,2,272.82,545.64,USD,partner
O0524,C034,P03,2024-10-15,3,601.19,1803.57,USD,sales
O0525,C048,P03,2023-11-14,1,601.19,601.19,EUR,sales
O0526,C021,P06,2023-12-31,4,120.56,482.24,USD,web
O0527,C054,P06,2024-01-14,2,120.56,241.12,USD,partner
O0528,C052,P04,2024-08-03,1,473.12,473.12,USD,sales
O0529,C032,P12,2023-08-10,4,457.67,1830.68,GBP,partner
O0530,C038,P08,2024-09-09,2,148.89,297.78,GBP,sales
O0531,C009,P02,2023-06-17,2,466.25,932.50,EUR,partner
O0532,C055,P11,2023-02-10,4,272.82,1091.28,USD,partner
O0533,C001,P08,2024-01-17,2,148.89,297.78,USD,web
O0534,C005,P10,2023-10-18,5,631.14,3155.70,USD,sales
O0535,C005,P01,2023-12-13,5,808.16,4040.80,EUR,partner
O0536,C025,P01,2023-06-18,2,808.16,1616.32,GBP,partner
O0537,C023,P01,2024-11-22,4,808.16,3232.64,EUR,sales
O0538,C034,P04,2023-11-28,4,473.12,1892.48,USD,partner
O0539,C026,P07,2023-06-08,5,303.96,1519.80,GBP,sales
O0540,C047,P10,2023-03-03,1,631.14,631.14,EUR,sales
O0541,C037,P06,2024-08-01,5,120.56,602.80,EUR,partner
O0542,C020,P06,2023-05-21,4,120.56,482.24,EUR,partner
O0543,C044,P09,2023-08-16,1,312.33,312.33,EUR,sales
O0544,C024,P08,2024-08-15,1,148.89,148.89,USD,sales
O0545,C037,P10,2023-09-04,4,631.14,2524.56,USD,partner
O0546,C057,P07,2023-07-04,3,303.96,911.88,USD,web
O0547,C042,P09,2023-09-17,1,312.33,312.33,USD,web
O0548,C032,P04,2024-12-27,5,473.12,2365.60,EUR,web
O0549,C045,P09,2024-08-09,4,312.33,1249.32,USD,web
O0550,C006,P12,2024-08-03,5,457.67,2288.35,GBP,partner
O0551,C056,P11,2023-05-18,1,272.82,272.82,EUR,sales
O0552,C041,P09,2023-04-28,5,312.33,1561.65,EUR,sales
O0553,C026,P09,2024-12-03,1,312.33,312.33,USD,sales
O0554,C009,P03,2023-04-06,2,601.19,1202.38,USD,partner
O0555,C024,P10,2023-02-18,1,631.14,631.14,USD,web
O0556,C020,P01,2024-04-15,5,808.16,4040.80,GBP,web
O0557,C040,P12,2023-03-31,2,457.67,915.34,USD,web
O0558,C011,P10,2023-12-30,1,631.14,631.14,GBP,partner
O0559,C001,P12,2024-11-27,3,457.67,1373.01,EUR,partner
O0560,C023,P02,2024-06-21,2,466.25,932.50,USD,sales
O0561,C007,P08,2023-12-28,1,148.89,148.89,EUR,partner
O0562,C003,P09,2023-04-26,3,312.33,936.99,EUR,sales
O0563,C029,P04,2024-12-11,3,473.12,1419.36,USD,web
O0564,C032,P10,2023-01-22,4,631.14,2524.56,USD,web
O0565,C060,P02,2024-07-21,3,466.25,1398.75,USD,partner
O0566,C057,P11,2024-08-25,4,272.82,1091.28,EUR,partner
O0567,C002,P09,2023-01-15,3,312.33,936.99,GBP,partner
O0568,C052,P03,2023-02-02,4,601.19,2404.76,USD,web
O0569,C044,P02,2024-10-22,2,466.25,932.50,EUR,sales
O0570,C055,P07,2024-12-10,4,303.96,1215.84,GBP,partner
O0571,C034,P07,2024-09-17,2,303.96,607.92,GBP,web
O0572,C058,P06,2023-11-15,3,120.56,361.68,USD,web
O0573,C053,P10,2023-06-23,5,631.14,3155.70,USD,partner
O0574,C025,P12,2024-04-24,4,457.67,1830.68,USD,partner
O0575,C022,P06,2024-05-10,1,120.56,120.56,USD,web
O0576,C003,P01,2024-09-15,2,808.16,1616.32,USD,sales
O0577,C005,P03,2023-10-07,2,601.19,1202.38,USD,sales
O0578,C038,P05,2024-06-24,3,492.93,1478.79,USD,web
O0579,C056,P12,2023-04-08,1,457.67,457.67,GBP,web
O0580,C051,P07,2024-01-07,5,303.96,1519.80,EUR,partner
O0581,C049,P04,2023-11-08,2,473.12,946.24,EUR,partner
O0582,C016,P12,2024-10-12,3,457.67,1373.01,USD,partner
O0583,C022,P09,2024-12-22,4,312.33,1249.32,USD,sales
O0584,C052,P06,2023-09-07,4,120.56,482.24,USD,web
O0585,C057,P06,2023-01-08,2,120.56,241.12,USD,sales
O0586,C050,P08,2024-08-05,4,148.89,595.56,USD,partner
O0587,C047,P03,2023-11-05,5,601.19,3005.95,USD,partner
O0588,C005,P05,2023-12-15,5,492.93,2464.65,USD,web
O0589,C038,P10,2023-11-08,1,631.14,631.14,USD,partner
O0590,C028,P08,2024-12-07,3,148.89,446.67,GBP,sales
O0591,C018,P02,2023-06-29,4,466.25,1865.00,USD,partner
O0592,C018,P09,2024-10-03,1,312.33,312.33,EUR,web
O0593,C029,P12,2024-02-14,1,457.67,457.67,USD,web
O0594,C007,P10,2024-10-25,3,631.14,1893.42,GBP,web
O0595,C004,P04,2024-09-07,1,473.12,473.12,GBP,web
O0596,C001,P02,2023-05-20,5,466.25,2331.25,USD,web
O0597,C041,P05,2023-01-16,5,492.93,2464.65,EUR,partner
O0598,C042,P01,2023-01-28,2,808.16,1616.32,USD,partner
O0599,C012,P07,2023-12-12,5,303.96,1519.80,EUR,web
O0600,C022,P07,2024-09-19,1,303.96,303.96,USD,partner
O0104,C049,P01,2024-12-27,2,808.16,1616.32,USD,partner
O0062,C044,P11,2024-12-29,5,272.82,1364.10,EUR,sales
O0587,C047,P03,2023-11-05,5,601.19,3005.95,USD,partner
O0052,C021,P06,2024-07-14,3,120.56,361.68,GBP,web
O0203,C007,P01,2023-11-08,1,808.16,808.16,USD,sales
O0255,C007,P05,2024-11-04,1,492.93,492.93,USD,web
O0211,C004,P01,2023-06-13,4,808.16,3232.64,USD,web
O0087,C016,P11,2023-06-02,3,272.82,818.46,EUR,partner
O0262,C047,P10,2024-11-14,4,631.14,2524.56,EUR,sales
O0259,C041,P07,2024-05-27,4,303.96,1215.84,EUR,partner
O0089,C036,P01,2024-07-21,4,808.16,3232.64,GBP,web
O0270,C030,P04,2024-08-11,5,473.12,2365.60,USD,sales
