payment_id,order_id,payment_date,amount,currency,status
PAY00001,O0001,2024-09-23,1892.48,EUR,completed
PAY00002,O0002,2023-04-02,446.67,EUR,completed
PAY00003,O0003,2023-07-24,1865.00,EUR,pending
PAY00004,O0004,2024-02-15,911.88,USD,completed
PAY00005,O0005,2023-06-27,457.67,EUR,completed
PAY00006,O0006,2024-11-03,3005.95,GBP,failed
PAY00007,O0006,2024-11-07,3005.95,GBP,completed
PAY00008,O0007,2024-01-02,2524.56,EUR,completed
PAY00009,O0008,2024-10-29,624.66,USD,completed
PAY00010,O0009,2023-07-24,915.34,USD,completed
PAY00011,O0010,2024-06-04,2424.48,USD,completed
PAY00012,O0011,2023-05-19,361.68,USD,completed
PAY00013,O0012,2024-06-20,482.24,EUR,completed
PAY00014,O0013,2024-06-14,3005.95,USD,completed
PAY00015,O0014,2023-06-03,3005.95,USD,completed
PAY00016,O0015,2024-07-28,744.45,EUR,completed
PAY00017,O0016,2024-05-15,1364.10,USD,completed
PAY00018,O0017,2023-10-11,312.33,USD,completed
PAY00019,O0018,2023-03-14,1249.32,USD,completed
PAY00020,O0019,2023-07-26,3155.70,EUR,completed
PAY00021,O0020,2024-05-06,744.45,USD,completed
PAY00022,O0021,2023-09-25,2288.35,GBP,completed
PAY00023,O0022,2023-05-08,1892.48,USD,completed
PAY00024,O0023,2024-03-17,120.56,EUR,completed
PAY00025,O0024,2023-06-14,818.46,EUR,completed
PAY00026,O0025,2023-05-21,818.46,USD,completed
PAY00027,O0026,2024-05-13,457.67,USD,failed
PAY00028,O0026,2024-05-14,457.67,USD,completed
PAY00029,O0027,2024-06-16,946.24,EUR,pending
PAY00030,O0028,2023-04-14,607.92,USD,failed
PAY00031,O0028,2023-04-11,607.92,USD,completed
PAY00032,O0029,2024-03-30,2424.48,USD,pending
PAY00033,O0030,2023-10-30,911.88,USD,failed
PAY00034,O0030,2023-11-03,911.88,USD,completed
PAY00035,O0031,2023-04-23,932.50,GBP,completed
PAY00036,O0032,2023-07-09,492.93,GBP,completed
PAY00037,O0033,2024-07-06,911.88,USD,pending
PAY00038,O0034,2023-04-09,2524.56,EUR,completed
PAY00039,O0035,2023-03-20,915.34,USD,completed
PAY00040,O0036,2023-03-31,272.82,EUR,completed
PAY00041,O0037,2024-04-16,1398.75,GBP,completed
PAY00042,O0038,2023-10-07,1249.32,GBP,completed
PAY00043,O0039,2023-04-30,4040.80,EUR,completed
PAY00044,O0040,2023-11-19,1616.32,USD,completed
PAY00045,O0041,2024-05-27,624.66,USD,completed
PAY00046,O0042,2023-09-16,1478.79,EUR,completed
PAY00047,O0043,2023-07-18,4040.80,USD,completed
PAY00048,O0044,2024-10-29,1892.48,USD,completed
PAY00049,O0045,2024-02-11,744.45,EUR,completed
PAY00050,O0046,2023-12-18,915.34,GBP,completed
PAY00051,O0047,2023-12-28,915.34,USD,completed
PAY00052,O0048,2023-09-24,808.16,EUR,failed
PAY00053,O0048,2023-09-25,808.16,EUR,completed
PAY00054,O0049,2024-01-26,808.16,EUR,pending
PAY00055,O0050,2024-12-10,818.46,USD,completed
PAY00056,O0051,2024-04-09,297.78,USD,failed
PAY00057,O0051,2024-04-10,297.78,USD,completed
PAY00058,O0052,2024-07-15,361.68,GBP,completed
PAY00059,O0053,2023-07-12,2424.48,USD,completed
PAY00060,O0054,2024-05-30,303.96,USD,failed
PAY00061,O0054,2024-05-30,303.96,USD,completed
PAY00062,O0055,2023-04-12,2365.60,EUR,pending
PAY00063,O0056,2024-02-16,2404.76,USD,completed
PAY00064,O0057,2024-07-03,985.86,USD,failed
PAY00065,O0057,2024-07-03,985.86,USD,completed
PAY00066,O0058,2023-12-07,1364.10,USD,completed
PAY00067,O0059,2024-10-23,1803.57,EUR,completed
PAY00068,O0060,2024-12-21,2288.35,EUR,pending
PAY00069,O0061,2024-08-07,3005.95,EUR,completed
PAY00070,O0062,2025-01-02,1364.10,EUR,failed
PAY00071,O0062,2024-12-30,1364.10,EUR,completed
PAY00072,O0063,2023-02-12,545.64,USD,completed
PAY00073,O0064,2024-04-12,120.56,USD,completed
PAY00074,O0065,2024-11-28,272.82,EUR,completed
PAY00075,O0066,2023-03-21,492.93,USD,completed
PAY00076,O0067,2023-03-13,312.33,EUR,completed
PAY00077,O0068,2023-10-05,446.67,EUR,completed
PAY00078,O0069,2024-04-22,946.24,EUR,completed
PAY00079,O0070,2023-10-22,1865.00,GBP,completed
PAY00080,O0071,2023-06-04,1262.28,USD,completed
PAY00081,O0072,2023-05-20,818.46,EUR,completed
PAY00082,O0073,2024-11-20,3232.64,USD,completed
PAY00083,O0074,2024-06-12,1892.48,USD,completed
PAY00084,O0075,2024-07-23,595.56,EUR,completed
PAY00085,O0076,2024-04-23,1865.00,USD,completed
PAY00086,O0077,2023-08-11,446.67,USD,failed
PAY00087,O0077,2023-08-12,446.67,USD,completed
PAY00088,O0078,2023-10-02,932.50,EUR,completed
PAY00089,O0079,2023-05-02,3155.70,USD,completed
PAY00090,O0080,2024-05-20,1892.48,GBP,completed
PAY00091,O0081,2024-12-03,601.19,GBP,completed
PAY00092,O0082,2024-01-29,985.86,USD,failed
PAY00093,O0082,2024-01-24,985.86,USD,completed
PAY00094,O0083,2023-12-17,120.56,USD,completed
PAY00095,O0084,2023-10-29,932.50,EUR,completed
PAY00096,O0085,2024-08-29,1865.00,USD,completed
PAY00097,O0086,2023-10-13,911.88,GBP,completed
PAY00098,O0087,2023-06-05,818.46,EUR,completed
PAY00099,O0088,2024-01-21,1519.80,USD,completed
PAY00100,O0089,2024-07-28,3232.64,GBP,completed
PAY00101,O0090,2024-02-25,457.67,USD,pending
PAY00102,O0091,2024-07-23,1803.57,USD,completed
PAY00103,O0092,2023-11-03,595.56,USD,failed
PAY00104,O0092,2023-11-05,595.56,USD,completed
PAY00105,O0093,2023-09-10,1373.01,USD,completed
PAY00106,O0094,2024-10-21,1249.32,USD,completed
PAY00107,O0095,2024-05-31,2365.60,GBP,completed
PAY00108,O0096,2024-04-12,446.67,GBP,completed
PAY00109,O0097,2023-07-06,624.66,USD,completed
PAY00110,O0098,2023-09-24,1398.75,USD,failed
PAY00111,O0098,2023-09-27,1398.75,USD,completed
PAY00112,O0099,2024-03-07,473.12,EUR,completed
PAY00113,O0100,2023-10-10,2288.35,USD,completed
PAY00114,O0101,2024-01-04,446.67,USD,completed
PAY00115,O0102,2023-08-12,1561.65,EUR,completed
PAY00116,O0103,2024-04-06,1892.48,USD,completed
PAY00117,O0104,2025-01-03,1616.32,USD,completed
PAY00118,O0105,2024-02-12,2524.56,USD,failed
PAY00119,O0105,2024-02-06,2524.56,USD,completed
PAY00120,O0106,2023-04-26,595.56,USD,completed
PAY00121,O0107,2023-04-22,3005.95,GBP,completed
PAY00122,O0108,2023-02-10,1830.68,USD,completed
PAY00123,O0109,2024-10-28,2365.60,GBP,completed
PAY00124,O0110,2024-03-27,1803.57,USD,completed
PAY00125,O0111,2024-08-28,466.25,USD,completed
PAY00126,O0112,2023-01-11,985.86,EUR,failed
PAY00127,O0112,2023-01-05,985.86,EUR,completed
PAY00128,O0113,2023-11-29,1971.72,USD,completed
PAY00129,O0114,2023-09-15,744.45,USD,completed
PAY00130,O0115,2023-07-25,1373.01,USD,completed
PAY00131,O0116,2023-08-29,1091.28,USD,completed
PAY00132,O0117,2024-12-13,241.12,USD,completed
PAY00133,O0118,2023-07-31,911.88,EUR,failed
PAY00134,O0118,2023-07-29,911.88,EUR,completed
PAY00135,O0119,2024-05-28,2288.35,USD,completed
PAY00136,O0120,2023-09-30,946.24,USD,completed
PAY00137,O0121,2023-07-19,2331.25,USD,completed
PAY00138,O0122,2023-03-02,595.56,GBP,completed
PAY00139,O0123,2024-09-02,303.96,USD,completed
PAY00140,O0124,2024-04-10,808.16,USD,completed
PAY00141,O0125,2023-06-20,120.56,GBP,completed
PAY00142,O0126,2023-02-03,3005.95,EUR,failed
PAY00143,O0126,2023-02-11,3005.95,EUR,completed
PAY00144,O0127,2023-12-07,1830.68,EUR,completed
PAY00145,O0128,2023-03-31,466.25,USD,completed
PAY00146,O0129,2023-08-04,2331.25,GBP,failed
PAY00147,O0129,2023-08-06,2331.25,GBP,completed
PAY00148,O0130,2024-12-29,1971.72,USD,completed
PAY00149,O0131,2023-07-23,602.80,GBP,completed
PAY00150,O0132,2024-02-27,1830.68,USD,completed
PAY00151,O0133,2024-04-20,303.96,USD,completed
PAY00152,O0134,2024-09-20,985.86,EUR,completed
PAY00153,O0135,2024-09-27,1478.79,GBP,completed
PAY00154,O0136,2023-11-07,1373.01,GBP,completed
PAY00155,O0137,2023-08-28,631.14,USD,completed
PAY00156,O0138,2024-02-06,1830.68,GBP,completed
PAY00157,O0139,2024-05-27,1215.84,USD,completed
PAY00158,O0140,2023-06-07,1373.01,EUR,completed
PAY00159,O0141,2024-09-09,361.68,USD,completed
PAY00160,O0142,2023-09-13,1892.48,EUR,completed
PAY00161,O0143,2024-07-14,272.82,USD,completed
PAY00162,O0144,2023-09-29,303.96,GBP,completed
PAY00163,O0145,2024-12-28,473.12,USD,completed
PAY00164,O0146,2024-10-02,946.24,USD,completed
PAY00165,O0147,2024-11-14,2365.60,EUR,failed
PAY00166,O0147,2024-11-18,2365.60,EUR,completed
PAY00167,O0148,2023-10-11,1478.79,USD,completed
PAY00168,O0149,2023-09-18,1373.01,USD,completed
PAY00169,O0150,2024-08-17,946.24,USD,completed
PAY00170,O0151,2023-09-09,1865.00,USD,completed
PAY00171,O0152,2023-02-08,473.12,EUR,failed
PAY00172,O0152,2023-02-16,473.12,EUR,completed
PAY00173,O0153,2024-01-26,297.78,EUR,completed
PAY00174,O0154,2024-09-09,473.12,USD,completed
PAY00175,O0155,2023-07-06,473.12,USD,completed
PAY00176,O0156,2024-09-04,492.93,USD,completed
PAY00177,O0157,2023-12-18,241.12,USD,failed
PAY00178,O0157,2023-12-23,241.12,USD,completed
PAY00179,O0158,2024-10-30,1419.36,USD,failed
PAY00180,O0158,2024-11-01,1419.36,USD,completed
PAY00181,O0159,2024-01-22,2424.48,USD,pending
PAY00182,O0160,2024-05-29,492.93,USD,completed
PAY00183,O0161,2024-02-09,1865.00,USD,completed
PAY00184,O0162,2023-06-19,3005.95,USD,completed
PAY00185,O0163,2024-11-17,1971.72,GBP,completed
PAY00186,O0164,2024-01-09,2424.48,EUR,completed
PAY00187,O0165,2024-02-09,2424.48,EUR,completed
PAY00188,O0166,2023-06-12,473.12,USD,completed
PAY00189,O0167,2024-01-12,1865.00,USD,completed
PAY00190,O0168,2023-06-01,601.19,USD,completed
PAY00191,O0169,2024-01-23,2331.25,EUR,completed
PAY00192,O0170,2023-06-17,1202.38,USD,completed
PAY00193,O0171,2023-07-28,466.25,USD,completed
PAY00194,O0172,2024-09-12,3232.64,USD,failed
PAY00195,O0172,2024-09-19,3232.64,USD,completed
PAY00196,O0173,2024-09-30,303.96,GBP,failed
PAY00197,O0173,2024-10-05,303.96,GBP,completed
PAY00198,O0174,2024-09-26,545.64,EUR,completed
PAY00199,O0175,2023-02-19,297.78,USD,failed
PAY00200,O0175,2023-02-13,297.78,USD,completed
PAY00201,O0176,2023-06-07,2404.76,USD,completed
PAY00202,O0177,2024-11-20,473.12,GBP,completed
PAY00203,O0178,2024-04-14,120.56,USD,completed
PAY00204,O0179,2023-09-22,1971.72,USD,completed
PAY00205,O0180,2024-03-29,818.46,USD,pending
PAY00206,O0181,2024-04-25,4040.80,GBP,completed
PAY00207,O0182,2024-05-04,2524.56,EUR,failed
PAY00208,O0182,2024-05-04,2524.56,EUR,completed
PAY00209,O0183,2024-01-15,932.50,USD,completed
PAY00210,O0184,2023-02-15,1561.65,EUR,completed
PAY00211,O0185,2024-06-14,1398.75,EUR,completed
PAY00212,O0186,2023-05-28,1249.32,EUR,failed
PAY00213,O0186,2023-05-21,1249.32,EUR,completed
PAY00214,O0187,2024-05-25,631.14,USD,completed
PAY00215,O0188,2023-12-26,545.64,USD,failed
PAY00216,O0188,2024-01-03,545.64,USD,completed
PAY00217,O0189,2023-10-11,1803.57,GBP,completed
PAY00218,O0190,2024-05-07,1803.57,USD,completed
PAY00219,O0191,2023-11-25,2464.65,USD,completed
PAY00220,O0192,2024-10-14,946.24,USD,completed
PAY00221,O0193,2023-06-29,818.46,GBP,completed
PAY00222,O0194,2024-01-05,2331.25,USD,completed
PAY00223,O0195,2023-04-25,1561.65,USD,completed
PAY00224,O0196,2024-01-21,1091.28,EUR,completed
PAY00225,O0197,2023-12-13,602.80,USD,completed
PAY00226,O0198,2023-02-23,297.78,USD,failed
PAY00227,O0198,2023-02-24,297.78,USD,completed
PAY00228,O0199,2024-08-30,1478.79,EUR,completed
PAY00229,O0200,2023-08-18,120.56,EUR,completed
PAY00230,O0201,2024-01-11,2524.56,USD,completed
PAY00231,O0202,2024-10-30,2404.76,USD,completed
PAY00232,O0203,2023-11-17,808.16,USD,completed
PAY00233,O0204,2024-08-21,602.80,USD,completed
PAY00234,O0205,2024-05-05,1202.38,USD,completed
PAY00235,O0206,2024-04-15,1616.32,EUR,completed
PAY00236,O0207,2023-10-05,545.64,GBP,completed
PAY00237,O0208,2024-08-07,808.16,EUR,failed
PAY00238,O0208,2024-08-01,808.16,EUR,completed
PAY00239,O0209,2024-06-22,3155.70,USD,completed
PAY00240,O0210,2023-02-18,946.24,GBP,completed
PAY00241,O0211,2023-06-18,3232.64,USD,failed
PAY00242,O0211,2023-06-14,3232.64,USD,completed
PAY00243,O0212,2023-07-30,4040.80,USD,failed
PAY00244,O0212,2023-07-23,4040.80,USD,completed
PAY00245,O0213,2024-06-10,2365.60,EUR,completed
PAY00246,O0214,2023-11-18,1519.80,USD,completed
PAY00247,O0215,2024-05-10,272.82,GBP,completed
PAY00248,O0216,2024-04-24,3232.64,EUR,failed
PAY00249,O0216,2024-04-23,3232.64,EUR,completed
PAY00250,O0217,2023-04-20,1091.28,USD,completed
PAY00251,O0218,2024-12-15,272.82,USD,completed
PAY00252,O0219,2024-07-26,457.67,USD,completed
PAY00253,O0220,2023-10-30,1364.10,GBP,completed
PAY00254,O0221,2023-10-01,2331.25,USD,completed
PAY00255,O0222,2023-12-02,915.34,GBP,completed
PAY00256,O0223,2024-10-10,602.80,USD,completed
PAY00257,O0224,2024-07-02,1364.10,USD,completed
PAY00258,O0225,2023-09-02,3232.64,GBP,completed
PAY00259,O0226,2023-03-28,1892.48,EUR,completed
PAY00260,O0227,2023-04-22,601.19,USD,completed
PAY00261,O0228,2023-02-05,241.12,EUR,completed
PAY00262,O0229,2023-02-26,457.67,EUR,completed
PAY00263,O0230,2024-07-08,241.12,EUR,completed
PAY00264,O0231,2023-08-07,1865.00,USD,pending
PAY00265,O0232,2024-10-12,808.16,GBP,completed
PAY00266,O0233,2023-05-20,818.46,USD,completed
PAY00267,O0234,2024-03-12,1419.36,USD,completed
PAY00268,O0235,2023-02-22,361.68,GBP,completed
PAY00269,O0236,2023-10-22,602.80,USD,completed
PAY00270,O0237,2024-06-20,3232.64,USD,completed
PAY00271,O0238,2024-07-05,482.24,EUR,completed
PAY00272,O0239,2023-10-27,457.67,USD,completed
PAY00273,O0240,2023-03-03,4040.80,USD,pending
PAY00274,O0241,2023-07-15,148.89,USD,completed
PAY00275,O0242,2023-06-19,602.80,USD,pending
PAY00276,O0243,2023-04-30,915.34,USD,completed
PAY00277,O0244,2024-10-13,744.45,EUR,failed
PAY00278,O0244,2024-10-08,744.45,EUR,completed
PAY00279,O0245,2023-04-05,1865.00,GBP,failed
PAY00280,O0245,2023-04-06,1865.00,GBP,completed
PAY00281,O0246,2023-09-28,2424.48,USD,completed
PAY00282,O0247,2024-10-14,624.66,USD,completed
PAY00283,O0248,2024-12-09,3005.95,USD,completed
PAY00284,O0249,2023-12-01,272.82,USD,failed
PAY00285,O0249,2023-12-07,272.82,USD,completed
PAY00286,O0250,2023-06-27,744.45,EUR,completed
PAY00287,O0251,2023-05-12,1373.01,USD,completed
PAY00288,O0252,2023-10-10,545.64,USD,completed
PAY00289,O0253,2023-09-15,1262.28,EUR,pending
PAY00290,O0254,2023-09-07,3155.70,USD,pending
PAY00291,O0255,2024-11-02,492.93,USD,completed
PAY00292,O0256,2023-11-12,607.92,GBP,pending
PAY00293,O0257,2024-10-17,911.88,USD,completed
PAY00294,O0258,2024-04-23,985.86,GBP,failed
PAY00295,O0258,2024-04-27,985.86,GBP,completed
PAY00296,O0259,2024-06-01,1215.84,EUR,completed
PAY00297,O0260,2024-09-18,148.89,USD,pending
PAY00298,O0261,2024-03-20,1616.32,GBP,completed
PAY00299,O0262,2024-11-23,2524.56,EUR,completed
PAY00300,O0263,2024-11-30,1364.10,GBP,completed
PAY00301,O0264,2023-09-30,1865.00,USD,completed
PAY00302,O0265,2024-02-14,1865.00,USD,completed
PAY00303,O0266,2024-03-14,545.64,USD,completed
PAY00304,O0267,2024-06-15,4040.80,GBP,completed
PAY00305,O0268,2024-02-11,1803.57,EUR,completed
PAY00306,O0269,2023-08-19,466.25,USD,completed
PAY00307,O0270,2024-08-16,2365.60,USD,failed
PAY00308,O0270,2024-08-18,2365.60,USD,completed
PAY00309,O0271,2024-10-20,1892.48,USD,failed
PAY00310,O0271,2024-10-18,1892.48,USD,completed
PAY00311,O0272,2024-04-20,936.99,USD,pending
PAY00312,O0273,2023-05-12,2404.76,USD,failed
PAY00313,O0273,2023-05-08,2404.76,USD,completed
PAY00314,O0274,2024-01-31,120.56,USD,completed
PAY00315,O0275,2024-03-14,808.16,USD,completed
PAY00316,O0276,2023-04-30,818.46,USD,failed
PAY00317,O0276,2023-04-28,818.46,USD,completed
PAY00318,O0277,2024-06-29,1830.68,GBP,completed
PAY00319,O0278,2023-03-17,297.78,USD,pending
PAY00320,O0279,2023-08-22,1892.48,EUR,completed
PAY00321,O0280,2023-10-29,482.24,USD,completed
PAY00322,O0281,2024-04-27,545.64,EUR,completed
PAY00323,O0282,2024-03-12,1971.72,EUR,completed
PAY00324,O0283,2023-10-17,148.89,EUR,completed
PAY00325,O0284,2024-05-20,818.46,USD,pending
PAY00326,O0285,2024-01-12,272.82,EUR,completed
PAY00327,O0286,2024-08-05,303.96,USD,completed
PAY00328,O0287,2024-10-19,3005.95,EUR,completed
PAY00329,O0288,2023-03-16,272.82,USD,completed
PAY00330,O0289,2023-06-01,2464.65,USD,completed
PAY00331,O0290,2023-06-10,2404.76,USD,pending
PAY00332,O0291,2024-12-14,624.66,EUR,failed
PAY00333,O0291,2024-12-12,624.66,EUR,completed
PAY00334,O0292,2023-11-03,1364.10,EUR,completed
PAY00335,O0293,2024-03-27,915.34,USD,completed
PAY00336,O0294,2023-09-05,312.33,USD,completed
PAY00337,O0295,2024-05-11,595.56,USD,completed
PAY00338,O0296,2023-06-24,1830.68,USD,completed
PAY00339,O0297,2023-11-26,457.67,USD,completed
PAY00340,O0298,2024-04-21,2524.56,EUR,completed
PAY00341,O0299,2024-01-09,303.96,USD,completed
PAY00342,O0300,2024-12-03,808.16,EUR,pending
PAY00343,O0301,2023-06-05,2331.25,USD,completed
PAY00344,O0302,2023-12-22,1830.68,EUR,failed
PAY00345,O0302,2023-12-19,1830.68,EUR,completed
PAY00346,O0303,2024-06-26,361.68,USD,completed
PAY00347,O0304,2023-09-16,1971.72,USD,completed
PAY00348,O0305,2024-05-25,1478.79,USD,completed
PAY00349,O0306,2023-12-25,936.99,GBP,completed
PAY00350,O0307,2023-11-23,148.89,USD,completed
PAY00351,O0308,2023-04-04,3005.95,GBP,completed
PAY00352,O0309,2024-07-17,1519.80,GBP,failed
PAY00353,O0309,2024-07-13,1519.80,GBP,completed
PAY00354,O0310,2023-02-17,911.88,USD,completed
PAY00355,O0311,2024-07-19,631.14,EUR,completed
PAY00356,O0312,2024-12-18,1262.28,EUR,completed
PAY00357,O0313,2024-11-16,272.82,USD,completed
PAY00358,O0314,2023-07-08,545.64,USD,completed
PAY00359,O0315,2024-11-02,303.96,GBP,completed
PAY00360,O0316,2023-09-28,1803.57,USD,completed
PAY00361,O0317,2023-01-27,2404.76,USD,completed
PAY00362,O0318,2023-02-26,1364.10,GBP,completed
PAY00363,O0319,2024-03-15,312.33,EUR,completed
PAY00364,O0320,2024-11-30,1215.84,USD,completed
PAY00365,O0321,2024-03-07,1262.28,USD,completed
PAY00366,O0322,2023-06-10,1865.00,USD,completed
PAY00367,O0323,2024-11-24,303.96,USD,failed
PAY00368,O0323,2024-11-17,303.96,USD,completed
PAY00369,O0324,2023-01-24,473.12,USD,failed
PAY00370,O0324,2023-01-22,473.12,USD,completed
PAY00371,O0325,2023-07-13,1262.28,USD,failed
PAY00372,O0325,2023-07-18,1262.28,USD,completed
PAY00373,O0326,2023-04-04,241.12,EUR,completed
PAY00374,O0327,2023-09-18,1249.32,USD,completed
PAY00375,O0328,2023-01-23,457.67,USD,failed
PAY00376,O0328,2023-01-17,457.67,USD,completed
PAY00377,O0329,2023-11-20,1364.10,USD,completed
PAY00378,O0330,2024-05-16,1262.28,GBP,completed
PAY00379,O0331,2024-03-28,361.68,GBP,completed
PAY00380,O0332,2023-05-09,1202.38,GBP,pending
PAY00381,O0333,2024-04-10,2404.76,USD,completed
PAY00382,O0334,2024-10-06,361.68,USD,failed
PAY00383,O0334,2024-10-02,361.68,USD,completed
PAY00384,O0335,2023-01-20,1893.42,GBP,completed
PAY00385,O0336,2023-09-16,1893.42,USD,completed
PAY00386,O0337,2023-09-03,1091.28,EUR,pending
PAY00387,O0338,2023-10-02,492.93,USD,completed
PAY00388,O0339,2023-05-23,631.14,USD,pending
PAY00389,O0340,2024-07-15,1803.57,GBP,pending
PAY00390,O0341,2024-07-26,602.80,USD,completed
PAY00391,O0342,2023-03-09,946.24,USD,completed
PAY00392,O0343,2024-08-26,297.78,GBP,completed
PAY00393,O0344,2024-07-05,1215.84,USD,failed
PAY00394,O0344,2024-07-07,1215.84,USD,completed
PAY00395,O0345,2024-06-25,932.50,USD,completed
PAY00396,O0346,2024-08-29,936.99,USD,failed
PAY00397,O0346,2024-08-29,936.99,USD,completed
PAY00398,O0347,2024-12-22,946.24,USD,completed
PAY00399,O0348,2024-06-22,3155.70,USD,pending
PAY00400,O0349,2024-05-23,473.12,GBP,completed
PAY00401,O0350,2023-06-17,482.24,EUR,completed
PAY00402,O0351,2024-09-15,2424.48,USD,completed
PAY00403,O0352,2024-08-07,1616.32,GBP,completed
PAY00404,O0353,2023-10-16,1262.28,USD,completed
PAY00405,O0354,2023-05-15,744.45,EUR,completed
PAY00406,O0355,2024-01-24,241.12,GBP,completed
PAY00407,O0356,2024-12-28,808.16,USD,completed
PAY00408,O0357,2023-05-04,2331.25,EUR,completed
PAY00409,O0358,2024-10-25,1478.79,USD,completed
PAY00410,O0359,2023-06-14,1249.32,USD,pending
PAY00411,O0360,2023-09-26,915.34,USD,completed
PAY00412,O0361,2023-02-18,312.33,EUR,completed
PAY00413,O0362,2023-06-02,1830.68,USD,completed
PAY00414,O0363,2024-04-02,1419.36,USD,pending
PAY00415,O0364,2023-09-23,1865.00,USD,completed
PAY00416,O0365,2024-03-29,482.24,USD,completed
PAY00417,O0366,2023-07-20,272.82,USD,failed
PAY00418,O0366,2023-07-22,272.82,USD,completed
PAY00419,O0367,2024-09-25,1202.38,USD,completed
PAY00420,O0368,2023-04-11,915.34,EUR,failed
PAY00421,O0368,2023-04-17,915.34,EUR,completed
PAY00422,O0369,2023-12-23,808.16,USD,completed
PAY00423,O0370,2023-06-01,148.89,EUR,completed
PAY00424,O0371,2024-04-14,457.67,USD,completed
PAY00425,O0372,2024-02-29,297.78,USD,completed
PAY00426,O0373,2023-11-03,2424.48,USD,failed
PAY00427,O0373,2023-11-05,2424.48,USD,completed
PAY00428,O0374,2024-04-21,1971.72,USD,completed
PAY00429,O0375,2023-03-07,932.50,GBP,pending
PAY00430,O0376,2023-10-28,2365.60,USD,completed
PAY00431,O0377,2023-09-25,1419.36,USD,completed
PAY00432,O0378,2023-06-19,1865.00,USD,completed
PAY00433,O0379,2023-01-24,985.86,GBP,completed
PAY00434,O0380,2023-01-09,602.80,USD,completed
PAY00435,O0381,2023-02-14,985.86,USD,completed
PAY00436,O0382,2023-05-22,1419.36,USD,completed
PAY00437,O0383,2023-07-24,624.66,EUR,completed
PAY00438,O0384,2023-10-08,2331.25,EUR,completed
PAY00439,O0385,2024-10-08,3005.95,EUR,pending
PAY00440,O0386,2023-03-09,1893.42,USD,completed
PAY00441,O0387,2023-03-01,1249.32,EUR,pending
PAY00442,O0388,2024-05-27,361.68,EUR,completed
PAY00443,O0389,2024-11-16,1215.84,USD,pending
PAY00444,O0390,2024-01-18,3005.95,EUR,failed
PAY00445,O0390,2024-01-11,3005.95,EUR,completed
PAY00446,O0391,2023-01-06,1373.01,USD,pending
PAY00447,O0392,2024-01-03,744.45,USD,completed
PAY00448,O0393,2023-03-12,482.24,USD,completed
PAY00449,O0394,2023-01-27,1830.68,USD,completed
PAY00450,O0395,2023-04-01,601.19,USD,failed
PAY00451,O0395,2023-04-09,601.19,USD,completed
PAY00452,O0396,2023-09-22,1202.38,USD,completed
PAY00453,O0397,2023-07-27,808.16,GBP,completed
PAY00454,O0398,2023-09-02,3155.70,USD,failed
PAY00455,O0398,2023-09-10,3155.70,USD,completed
PAY00456,O0399,2023-07-03,1398.75,GBP,completed
PAY00457,O0400,2024-05-29,1865.00,USD,completed
PAY00458,O0401,2023-05-28,466.25,USD,completed
PAY00459,O0402,2024-08-12,946.24,USD,completed
PAY00460,O0403,2023-01-28,607.92,GBP,pending
PAY00461,O0404,2024-09-14,1830.68,USD,completed
PAY00462,O0405,2023-12-16,303.96,EUR,completed
PAY00463,O0406,2024-08-01,482.24,EUR,completed
PAY00464,O0407,2024-06-17,1519.80,USD,failed
PAY00465,O0407,2024-06-17,1519.80,USD,completed
PAY00466,O0408,2024-11-17,241.12,GBP,completed
PAY00467,O0409,2023-03-15,120.56,USD,pending
PAY00468,O0410,2023-08-20,2365.60,EUR,failed
PAY00469,O0410,2023-08-19,2365.60,EUR,completed
PAY00470,O0411,2023-02-20,1215.84,EUR,failed
PAY00471,O0411,2023-02-14,1215.84,EUR,completed
PAY00472,O0412,2024-10-06,1893.42,GBP,completed
PAY00473,O0413,2023-09-17,312.33,EUR,completed
PAY00474,O0414,2023-02-11,3232.64,USD,completed
PAY00475,O0415,2023-05-04,1478.79,EUR,completed
PAY00476,O0416,2024-09-02,936.99,USD,completed
PAY00477,O0417,2023-11-06,148.89,USD,completed
PAY00478,O0418,2023-04-02,1893.42,USD,completed
PAY00479,O0419,2024-08-11,1971.72,EUR,completed
PAY00480,O0420,2024-01-17,607.92,USD,failed
PAY00481,O0420,2024-01-12,607.92,USD,completed
PAY00482,O0421,2023-11-21,2464.65,USD,completed
PAY00483,O0422,2024-07-18,241.12,USD,completed
PAY00484,O0423,2023-06-22,303.96,GBP,completed
PAY00485,O0424,2023-10-02,602.80,USD,completed
PAY00486,O0425,2023-06-17,492.93,EUR,completed
PAY00487,O0426,2023-03-08,1893.42,USD,failed
PAY00488,O0426,2023-03-10,1893.42,USD,completed
PAY00489,O0427,2023-04-23,446.67,EUR,completed
PAY00490,O0428,2024-11-20,545.64,USD,failed
PAY00491,O0428,2024-11-21,545.64,USD,completed
PAY00492,O0429,2023-10-19,545.64,EUR,completed
PAY00493,O0430,2024-10-14,1865.00,USD,failed
PAY00494,O0430,2024-10-09,1865.00,USD,completed
PAY00495,O0431,2023-04-24,915.34,USD,completed
PAY00496,O0432,2024-02-20,1561.65,USD,pending
PAY00497,O0433,2024-09-14,911.88,GBP,pending
PAY00498,O0434,2023-12-28,595.56,USD,completed
PAY00499,O0435,2024-01-30,1519.80,USD,completed
PAY00500,O0436,2023-11-11,3232.64,USD,completed
PAY00501,O0437,2024-01-26,985.86,USD,completed
PAY00502,O0438,2024-09-18,1398.75,USD,completed
PAY00503,O0439,2023-01-14,241.12,GBP,completed
PAY00504,O0440,2023-11-13,2464.65,GBP,completed
PAY00505,O0441,2024-03-24,2464.65,EUR,failed
PAY00506,O0441,2024-04-01,2464.65,EUR,completed
PAY00507,O0442,2024-01-08,1830.68,USD,failed
PAY00508,O0442,2024-01-06,1830.68,USD,completed
PAY00509,O0443,2023-01-12,818.46,USD,failed
PAY00510,O0443,2023-01-19,818.46,USD,completed
PAY00511,O0444,2024-01-24,624.66,USD,failed
PAY00512,O0444,2024-01-20,624.66,USD,completed
PAY00513,O0445,2023-06-08,1364.10,GBP,failed
PAY00514,O0445,2023-06-14,1364.10,GBP,completed
PAY00515,O0446,2024-10-05,1215.84,USD,completed
PAY00516,O0447,2023-04-06,602.80,EUR,completed
PAY00517,O0448,2023-11-17,361.68,GBP,completed
PAY00518,O0449,2024-06-06,1398.75,EUR,completed
PAY00519,O0450,2024-06-12,545.64,USD,completed
PAY00520,O0451,2024-10-10,1892.48,USD,completed
PAY00521,O0452,2024-10-11,1398.75,USD,failed
PAY00522,O0452,2024-10-13,1398.75,USD,completed
PAY00523,O0453,2023-01-03,3232.64,USD,completed
PAY00524,O0454,2023-11-09,2288.35,USD,completed
PAY00525,O0455,2023-07-30,631.14,EUR,completed
PAY00526,O0456,2024-10-24,1561.65,USD,completed
PAY00527,O0457,2024-02-26,624.66,USD,failed
PAY00528,O0457,2024-02-25,624.66,USD,completed
PAY00529,O0458,2024-06-14,1202.38,USD,completed
PAY00530,O0459,2024-06-23,466.25,USD,completed
PAY00531,O0460,2023-03-07,2524.56,EUR,failed
PAY00532,O0460,2023-03-10,2524.56,EUR,completed
PAY00533,O0461,2023-09-03,1364.10,USD,completed
PAY00534,O0462,2023-04-17,601.19,USD,completed
PAY00535,O0463,2024-10-01,1398.75,USD,completed
PAY00536,O0464,2024-08-21,1616.32,GBP,pending
PAY00537,O0465,2023-09-13,148.89,EUR,completed
PAY00538,O0466,2023-11-22,3005.95,GBP,completed
PAY00539,O0467,2024-05-25,1971.72,EUR,completed
PAY00540,O0468,2024-08-21,1091.28,EUR,completed
PAY00541,O0469,2024-05-17,1971.72,GBP,failed
PAY00542,O0469,2024-05-16,1971.72,GBP,completed
PAY00543,O0470,2024-01-31,932.50,USD,completed
PAY00544,O0471,2023-05-06,1971.72,USD,completed
PAY00545,O0472,2023-03-10,911.88,USD,completed
PAY00546,O0473,2023-07-18,602.80,USD,pending
PAY00547,O0474,2023-10-16,241.12,USD,completed
PAY00548,O0475,2023-05-18,241.12,USD,failed
PAY00549,O0475,2023-05-20,241.12,USD,completed
PAY00550,O0476,2023-05-19,2464.65,EUR,pending
PAY00551,O0477,2024-01-05,297.78,USD,failed
PAY00552,O0477,2023-12-31,297.78,USD,completed
PAY00553,O0478,2024-08-26,1215.84,EUR,completed
PAY00554,O0479,2024-04-14,744.45,USD,pending
PAY00555,O0480,2024-04-01,1373.01,USD,failed
PAY00556,O0480,2024-04-03,1373.01,USD,completed
PAY00557,O0481,2024-06-14,624.66,USD,failed
PAY00558,O0481,2024-06-08,624.66,USD,completed
PAY00559,O0482,2023-10-05,2331.25,USD,completed
PAY00560,O0483,2023-01-20,4040.80,USD,failed
PAY00561,O0483,2023-01-23,4040.80,USD,completed
PAY00562,O0484,2023-08-28,932.50,EUR,completed
PAY00563,O0485,2024-01-13,272.82,USD,failed
PAY00564,O0485,2024-01-11,272.82,USD,completed
PAY00565,O0486,2023-11-19,985.86,USD,failed
PAY00566,O0486,2023-11-20,985.86,USD,completed
PAY00567,O0487,2024-02-20,985.86,EUR,failed
PAY00568,O0487,2024-02-20,985.86,EUR,completed
PAY00569,O0488,2024-10-13,1215.84,EUR,completed
PAY00570,O0489,2024-11-26,985.86,USD,completed
PAY00571,O0490,2023-02-02,1373.01,GBP,completed
PAY00572,O0491,2024-02-20,1830.68,USD,completed
PAY00573,O0492,2023-10-10,932.50,USD,failed
PAY00574,O0492,2023-10-05,932.50,USD,completed
PAY00575,O0493,2023-02-13,915.34,EUR,completed
PAY00576,O0494,2023-11-14,1262.28,USD,completed
PAY00577,O0495,2024-10-09,457.67,USD,completed
PAY00578,O0496,2024-06-19,1262.28,USD,completed
PAY00579,O0497,2023-01-06,1364.10,USD,completed
PAY00580,O0498,2024-08-28,492.93,GBP,pending
PAY00581,O0499,2023-02-10,1616.32,EUR,failed
PAY00582,O0499,2023-02-06,1616.32,EUR,completed
PAY00583,O0500,2023-04-06,1419.36,EUR,failed
PAY00584,O0500,2023-04-02,1419.36,EUR,completed
PAY00585,O0501,2024-09-27,1830.68,GBP,failed
PAY00586,O0501,2024-09-30,1830.68,GBP,completed
PAY00587,O0502,2024-03-13,2464.65,USD,completed
PAY00588,O0503,2024-10-12,2288.35,EUR,completed
PAY00589,O0504,2023-08-06,312.33,EUR,pending
PAY00590,O0505,2023-07-18,624.66,USD,pending
PAY00591,O0506,2023-06-19,936.99,USD,failed
PAY00592,O0506,2023-06-22,936.99,USD,completed
PAY00593,O0507,2023-03-11,2365.60,USD,completed
PAY00594,O0508,2024-10-13,482.24,USD,completed
PAY00595,O0509,2023-09-10,2404.76,EUR,completed
PAY00596,O0510,2023-05-23,4040.80,EUR,completed
PAY00597,O0511,2024-12-28,361.68,USD,failed
PAY00598,O0511,2025-01-02,361.68,USD,completed
PAY00599,O0512,2023-05-07,1262.28,USD,failed
PAY00600,O0512,2023-05-03,1262.28,USD,completed
PAY00601,O0513,2024-04-19,1202.38,USD,pending
PAY00602,O0514,2023-01-13,473.12,EUR,completed
PAY00603,O0515,2023-10-16,473.12,USD,completed
PAY00604,O0516,2023-05-02,1398.75,USD,completed
PAY00605,O0517,2023-10-27,595.56,USD,completed
PAY00606,O0518,2024-05-16,466.25,USD,pending
PAY00607,O0519,2024-08-01,1373.01,GBP,completed
PAY00608,O0520,2024-05-16,1091.28,GBP,failed
PAY00609,O0520,2024-05-15,1091.28,GBP,completed
PAY00610,O0521,2023-04-06,120.56,USD,completed
PAY00611,O0522,2024-11-07,1364.10,GBP,completed
PAY00612,O0523,2023-02-06,545.64,USD,completed
PAY00613,O0524,2024-10-22,1803.57,USD,completed
PAY00614,O0525,2023-11-19,601.19,EUR,completed
PAY00615,O0526,2024-01-03,482.24,USD,pending
PAY00616,O0527,2024-01-18,241.12,USD,completed
PAY00617,O0528,2024-08-07,473.12,USD,completed
PAY00618,O0529,2023-08-18,1830.68,GBP,completed
PAY00619,O0530,2024-09-09,297.78,GBP,completed
PAY00620,O0531,2023-06-22,932.50,EUR,completed
PAY00621,O0532,2023-02-17,1091.28,USD,completed
PAY00622,O0533,2024-01-19,297.78,USD,completed
PAY00623,O0534,2023-10-21,3155.70,USD,completed
PAY00624,O0535,2023-12-16,4040.80,EUR,completed
PAY00625,O0536,2023-06-20,1616.32,GBP,completed
PAY00626,O0537,2024-11-27,3232.64,EUR,completed
PAY00627,O0538,2023-12-03,1892.48,USD,completed
PAY00628,O0539,2023-06-11,1519.80,GBP,failed
PAY00629,O0539,2023-06-11,1519.80,GBP,completed
PAY00630,O0540,2023-03-11,631.14,EUR,completed
PAY00631,O0541,2024-08-07,602.80,EUR,failed
PAY00632,O0541,2024-08-10,602.80,EUR,completed
PAY00633,O0542,2023-05-30,482.24,EUR,completed
PAY00634,O0543,2023-08-24,312.33,EUR,completed
PAY00635,O0544,2024-08-21,148.89,USD,completed
PAY00636,O0545,2023-09-04,2524.56,USD,completed
PAY00637,O0546,2023-07-10,911.88,USD,completed
PAY00638,O0547,2023-09-21,312.33,USD,pending
PAY00639,O0548,2024-12-30,2365.60,EUR,completed
PAY00640,O0549,2024-08-12,1249.32,USD,pending
PAY00641,O0550,2024-08-07,2288.35,GBP,completed
PAY00642,O0551,2023-05-25,272.82,EUR,completed
PAY00643,O0552,2023-05-07,1561.65,EUR,completed
PAY00644,O0553,2024-12-03,312.33,USD,failed
PAY00645,O0553,2024-12-12,312.33,USD,completed
PAY00646,O0554,2023-04-10,1202.38,USD,completed
PAY00647,O0555,2023-02-18,631.14,USD,failed
PAY00648,O0555,2023-02-20,631.14,USD,completed
PAY00649,O0556,2024-04-18,4040.80,GBP,failed
PAY00650,O0556,2024-04-15,4040.80,GBP,completed
PAY00651,O0557,2023-04-03,915.34,USD,completed
PAY00652,O0558,2023-12-31,631.14,GBP,failed
PAY00653,O0558,2023-12-31,631.14,GBP,completed
PAY00654,O0559,2024-11-29,1373.01,EUR,pending
PAY00655,O0560,2024-06-26,932.50,USD,completed
PAY00656,O0561,2024-01-04,148.89,EUR,completed
PAY00657,O0562,2023-04-27,936.99,EUR,completed
PAY00658,O0563,2024-12-12,1419.36,USD,completed
PAY00659,O0564,2023-01-26,2524.56,USD,completed
PAY00660,O0565,2024-07-26,1398.75,USD,failed
PAY00661,O0565,2024-07-26,1398.75,USD,completed
PAY00662,O0566,2024-09-03,1091.28,EUR,completed
PAY00663,O0567,2023-01-15,936.99,GBP,completed
PAY00664,O0568,2023-02-08,2404.76,USD,completed
PAY00665,O0569,2024-10-25,932.50,EUR,completed
PAY00666,O0570,2024-12-17,1215.84,GBP,completed
PAY00667,O0571,2024-09-26,607.92,GBP,failed
PAY00668,O0571,2024-09-19,607.92,GBP,completed
PAY00669,O0572,2023-11-22,361.68,USD,completed
PAY00670,O0573,2023-06-24,3155.70,USD,completed
PAY00671,O0574,2024-04-30,1830.68,USD,completed
PAY00672,O0575,2024-05-13,120.56,USD,failed
PAY00673,O0575,2024-05-19,120.56,USD,completed
PAY00674,O0576,2024-09-22,1616.32,USD,completed
PAY00675,O0577,2023-10-13,1202.38,USD,completed
PAY00676,O0578,2024-06-24,1478.79,USD,completed
PAY00677,O0579,2023-04-08,457.67,GBP,failed
PAY00678,O0579,2023-04-11,457.67,GBP,completed
PAY00679,O0580,2024-01-05,1519.80,EUR,completed
PAY00680,O0581,2023-11-11,946.24,EUR,completed
PAY00681,O0582,2024-10-16,1373.01,USD,completed
PAY00682,O0583,2024-12-24,1249.32,USD,completed
PAY00683,O0584,2023-09-12,482.24,USD,completed
PAY00684,O0585,2023-01-12,241.12,USD,completed
PAY00685,O0586,2024-08-09,595.56,USD,completed
PAY00686,O0587,2023-11-14,3005.95,USD,failed
PAY00687,O0587,2023-11-10,3005.95,USD,completed
PAY00688,O0588,2023-12-15,2464.65,USD,failed
PAY00689,O0588,2023-12-20,2464.65,USD,completed
PAY00690,O0589,2023-11-11,631.14,USD,completed
PAY00691,O0590,2024-12-08,446.67,GBP,completed
PAY00692,O0591,2023-07-04,1865.00,USD,completed
PAY00693,O0592,2024-10-07,312.33,EUR,completed
PAY00694,O0593,2024-02-15,457.67,USD,completed
PAY00695,O0594,2024-10-26,1893.42,GBP,completed
PAY00696,O0595,2024-09-10,473.12,GBP,completed
PAY00697,O0596,2023-05-26,2331.25,USD,completed
PAY00698,O0597,2023-01-23,2464.65,EUR,completed
PAY00699,O0598,2023-02-02,1616.32,USD,completed
PAY00700,O0599,2023-12-19,1519.80,EUR,completed
PAY00701,O0600,2024-09-23,303.96,USD,failed
PAY00702,O0600,2024-09-21,303.96,USD,completed
