shipment_id,order_id,ship_date,carrier,status
S0001,O0001,12/09/2024,Northwind Freight,delivered
S0002,O0002,08/04/2023,Coastal Parcel,delivered
S0003,O0003,04/08/2023,Northwind Freight,delivered
S0004,O0005,12/06/2023,Blue Arrow,delivered
S0005,O0006,05/11/2024,Blue Arrow,delivered
S0006,O0007,06/01/2024,Coastal Parcel,delivered
S0007,O0008,01/11/2024,Coastal Parcel,delivered
S0008,O0009,12/07/2023,Coastal Parcel,delivered
S0009,O0010,12/05/2024,Coastal Parcel,delivered
S0010,O0011,12/05/2023,Northwind Freight,delivered
S0011,O0012,12/06/2024,Blue Arrow,delivered
S0012,O0013,12/06/2024,Northwind Freight,delivered
S0013,O0015,01/08/2024,Northwind Freight,delivered
S0014,O0016,12/05/2024,Coastal Parcel,delivered
S0015,O0018,09/03/2023,Coastal Parcel,delivered
S0016,O0020,11/05/2024,Coastal Parcel,delivered
S0017,O0021,06/10/2023,Northwind Freight,delivered
S0018,O0022,12/05/2023,Northwind Freight,delivered
S0019,O0024,12/06/2023,Northwind Freight,delivered
S0020,O0025,12/05/2023,Blue Arrow,delivered
S0021,O0027,12/06/2024,Coastal Parcel,delivered
S0022,O0028,08/04/2023,Coastal Parcel,delivered
S0023,O0029,02/04/2024,Coastal Parcel,delivered
S0024,O0030,06/11/2023,Northwind Freight,delivered
S0025,O0033,04/07/2024,Blue Arrow,delivered
S0026,O0034,03/04/2023,Blue Arrow,delivered
S0027,O0035,12/03/2023,Blue Arrow,delivered
S0028,O0037,12/04/2024,Blue Arrow,delivered
S0029,O0038,07/10/2023,Northwind Freight,delivered
S0030,O0040,12/11/2023,Blue Arrow,delivered
S0031,O0041,09/06/2024,Coastal Parcel,delivered
S0032,O0042,12/09/2023,Coastal Parcel,delivered
S0033,O0045,12/02/2024,Northwind Freight,delivered
S0034,O0047,02/01/2024,Blue Arrow,delivered
S0035,O0048,03/10/2023,Blue Arrow,delivered
S0036,O0049,04/02/2024,Coastal Parcel,delivered
S0037,O0050,12/12/2024,Northwind Freight,delivered
S0038,O0051,12/04/2024,Northwind Freight,delivered
S0039,O0054,10/06/2024,Coastal Parcel,delivered
S0040,O0055,05/04/2023,Coastal Parcel,delivered
S0041,O0058,08/12/2023,Coastal Parcel,delivered
S0042,O0060,12/12/2024,Blue Arrow,delivered
S0043,O0061,07/08/2024,Northwind Freight,delivered
S0044,O0062,12/12/2024,Northwind Freight,delivered
S0045,O0063,12/02/2023,Coastal Parcel,delivered
S0046,O0064,12/04/2024,Northwind Freight,delivered
S0047,O0065,06/12/2024,Coastal Parcel,delivered
S0048,O0066,12/03/2023,Blue Arrow,delivered
S0049,O0068,10/10/2023,Coastal Parcel,delivered
S0050,O0069,12/04/2024,Coastal Parcel,delivered
S0051,O0071,06/06/2023,Coastal Parcel,delivered
S0052,O0073,03/12/2024,Coastal Parcel,delivered
S0053,O0074,12/06/2024,Blue Arrow,delivered
S0054,O0075,12/07/2024,Northwind Freight,delivered
S0055,O0076,12/04/2024,Coastal Parcel,delivered
S0056,O0077,12/08/2023,Coastal Parcel,delivered
S0057,O0079,06/05/2023,Northwind Freight,delivered
S0058,O0080,12/05/2024,Blue Arrow,delivered
S0059,O0081,01/12/2024,Blue Arrow,delivered
S0060,O0083,12/12/2023,Coastal Parcel,delivered
S0061,O0084,12/10/2023,Northwind Freight,delivered
S0062,O0085,07/09/2024,Coastal Parcel,delivered
S0063,O0087,12/06/2023,Blue Arrow,delivered
S0064,O0088,12/01/2024,Coastal Parcel,delivered
S0065,O0089,12/07/2024,Northwind Freight,delivered
S0066,O0090,02/03/2024,Coastal Parcel,delivered
S0067,O0091,12/07/2024,Blue Arrow,delivered
S0068,O0092,10/11/2023,Northwind Freight,delivered
S0069,O0093,05/09/2023,Coastal Parcel,delivered
S0070,O0096,12/04/2024,Northwind Freight,delivered
S0071,O0097,09/07/2023,Coastal Parcel,delivered
S0072,O0099,08/03/2024,Blue Arrow,delivered
S0073,O0100,05/10/2023,Northwind Freight,delivered
S0074,O0101,12/01/2024,Coastal Parcel,delivered
S0075,O0104,12/12/2024,Coastal Parcel,delivered
S0076,O0105,08/02/2024,Coastal Parcel,delivered
S0077,O0106,12/04/2023,Blue Arrow,delivered
S0078,O0107,04/05/2023,Blue Arrow,delivered
S0079,O0108,12/02/2023,Blue Arrow,delivered
S0080,O0109,02/11/2024,Blue Arrow,delivered
S0081,O0110,05/04/2024,Northwind Freight,delivered
S0082,O0113,03/12/2023,Northwind Freight,delivered
S0083,O0114,12/09/2023,Coastal Parcel,delivered
S0084,O0116,12/08/2023,Northwind Freight,delivered
S0085,O0118,12/07/2023,Coastal Parcel,delivered
S0086,O0119,01/06/2024,Coastal Parcel,delivered
S0087,O0120,12/10/2023,Blue Arrow,delivered
S0088,O0122,12/02/2023,Blue Arrow,delivered
S0089,O0126,09/02/2023,Northwind Freight,delivered
S0090,O0127,09/12/2023,Coastal Parcel,delivered
S0091,O0128,02/04/2023,Blue Arrow,delivered
S0092,O0129,12/08/2023,Northwind Freight,delivered
S0093,O0131,12/07/2023,Blue Arrow,delivered
S0094,O0132,03/03/2024,Blue Arrow,delivered
S0095,O0133,01/05/2024,Northwind Freight,delivered
S0096,O0134,12/09/2024,Northwind Freight,delivered
S0097,O0135,12/09/2024,Coastal Parcel,delivered
S0098,O0136,08/11/2023,Blue Arrow,delivered
S0099,O0138,10/02/2024,Blue Arrow,delivered
S0100,O0139,12/05/2024,Blue Arrow,delivered
S0101,O0140,12/06/2023,Coastal Parcel,delivered
S0102,O0141,11/09/2024,Northwind Freight,delivered
S0103,O0142,12/09/2023,Coastal Parcel,delivered
S0104,O0143,12/07/2024,Blue Arrow,delivered
S0105,O0144,11/10/2023,Blue Arrow,delivered
S0106,O0145,08/01/2025,Coastal Parcel,delivered
S0107,O0147,12/11/2024,Coastal Parcel,delivered
S0108,O0148,03/10/2023,Coastal Parcel,delivered
S0109,O0149,12/09/2023,Coastal Parcel,delivered
S0110,O0150,12/08/2024,Blue Arrow,delivered
S0111,O0152,10/02/2023,Coastal Parcel,delivered
S0112,O0153,12/01/2024,Coastal Parcel,delivered
S0113,O0154,12/09/2024,Northwind Freight,delivered
S0114,O0155,12/07/2023,Blue Arrow,delivered
S0115,O0156,12/09/2024,Coastal Parcel,delivered
S0116,O0157,12/12/2023,Northwind Freight,delivered
S0117,O0158,05/11/2024,Coastal Parcel,delivered
S0118,O0159,12/01/2024,Northwind Freight,delivered
S0119,O0162,12/06/2023,Blue Arrow,delivered
S0120,O0163,12/11/2024,Blue Arrow,delivered
S0121,O0164,02/01/2024,Blue Arrow,delivered
S0122,O0165,12/02/2024,Blue Arrow,delivered
S0123,O0166,12/06/2023,Northwind Freight,delivered
S0124,O0167,12/01/2024,Coastal Parcel,delivered
S0125,O0168,08/06/2023,Blue Arrow,delivered
S0126,O0169,12/01/2024,Blue Arrow,delivered
S0127,O0170,12/06/2023,Coastal Parcel,delivered
S0128,O0171,12/07/2023,Blue Arrow,delivered
S0129,O0172,12/09/2024,Northwind Freight,delivered
S0130,O0174,12/09/2024,Northwind Freight,delivered
S0131,O0175,12/02/2023,Northwind Freight,delivered
S0132,O0176,07/06/2023,Northwind Freight,delivered
S0133,O0177,12/11/2024,Northwind Freight,delivered
S0134,O0178,12/04/2024,Northwind Freight,delivered
S0135,O0180,12/03/2024,Northwind Freight,delivered
S0136,O0181,12/04/2024,Northwind Freight,delivered
S0137,O0182,12/05/2024,Coastal Parcel,delivered
S0138,O0183,12/01/2024,Coastal Parcel,delivered
S0139,O0185,12/06/2024,Northwind Freight,delivered
S0140,O0187,12/05/2024,Northwind Freight,delivered
S0141,O0188,12/12/2023,Blue Arrow,delivered
S0142,O0189,12/10/2023,Northwind Freight,delivered
S0143,O0190,09/05/2024,Northwind Freight,delivered
S0144,O0191,03/12/2023,Blue Arrow,delivered
S0145,O0192,12/10/2024,Blue Arrow,delivered
S0146,O0193,06/07/2023,Blue Arrow,delivered
S0147,O0194,11/01/2024,Blue Arrow,delivered
S0148,O0195,12/04/2023,Northwind Freight,delivered
S0149,O0197,08/12/2023,Northwind Freight,delivered
S0150,O0198,12/02/2023,Blue Arrow,delivered
S0151,O0199,02/09/2024,Northwind Freight,delivered
S0152,O0200,12/08/2023,Coastal Parcel,delivered
S0153,O0202,08/11/2024,Coastal Parcel,delivered
S0154,O0203,12/11/2023,Northwind Freight,delivered
S0155,O0204,12/08/2024,Coastal Parcel,delivered
S0156,O0205,04/05/2024,Northwind Freight,delivered
S0157,O0207,07/10/2023,Blue Arrow,delivered
S0158,O0208,05/08/2024,Northwind Freight,delivered
S0159,O0209,12/06/2024,Coastal Parcel,delivered
S0160,O0211,12/06/2023,Northwind Freight,delivered
S0161,O0213,12/06/2024,Coastal Parcel,delivered
S0162,O0214,12/11/2023,Coastal Parcel,delivered
S0163,O0215,10/05/2024,Blue Arrow,delivered
S0164,O0218,12/12/2024,Blue Arrow,delivered
S0165,O0219,12/07/2024,Coastal Parcel,delivered
S0166,O0220,12/11/2023,Northwind Freight,delivered
S0167,O0222,07/12/2023,Coastal Parcel,delivered
S0168,O0223,12/10/2024,Coastal Parcel,delivered
S0169,O0224,07/07/2024,Coastal Parcel,delivered
S0170,O0225,02/09/2023,Northwind Freight,delivered
S0171,O0226,04/04/2023,Northwind Freight,delivered
S0172,O0227,03/05/2023,Northwind Freight,delivered
S0173,O0228,06/02/2023,Coastal Parcel,delivered
S0174,O0229,01/03/2023,Northwind Freight,delivered
S0175,O0230,12/07/2024,Northwind Freight,delivered
S0176,O0231,04/08/2023,Northwind Freight,delivered
S0177,O0232,12/10/2024,Blue Arrow,delivered
S0178,O0235,12/02/2023,Coastal Parcel,delivered
S0179,O0236,12/10/2023,Blue Arrow,delivered
S0180,O0238,06/07/2024,Coastal Parcel,delivered
S0181,O0239,04/11/2023,Blue Arrow,delivered
S0182,O0240,06/03/2023,Coastal Parcel,delivered
S0183,O0242,12/06/2023,Coastal Parcel,delivered
S0184,O0244,12/10/2024,Coastal Parcel,delivered
S0185,O0246,09/10/2023,Blue Arrow,delivered
S0186,O0248,12/12/2024,Northwind Freight,delivered
S0187,O0250,03/07/2023,Coastal Parcel,delivered
S0188,O0251,12/05/2023,Blue Arrow,delivered
S0189,O0252,08/10/2023,Northwind Freight,delivered
S0190,O0253,12/09/2023,Northwind Freight,delivered
S0191,O0254,12/08/2023,Northwind Freight,delivered
S0192,O0255,12/11/2024,Northwind Freight,delivered
S0193,O0256,12/11/2023,Blue Arrow,delivered
S0194,O0258,12/04/2024,Blue Arrow,delivered
S0195,O0260,12/09/2024,Coastal Parcel,delivered
S0196,O0262,12/11/2024,Coastal Parcel,delivered
S0197,O0263,12/11/2024,Northwind Freight,delivered
S0198,O0265,12/02/2024,Northwind Freight,delivered
S0199,O0266,10/03/2024,Northwind Freight,delivered
S0200,O0267,12/06/2024,Blue Arrow,delivered
S0201,O0269,12/08/2023,Blue Arrow,delivered
S0202,O0270,12/08/2024,Blue Arrow,delivered
S0203,O0271,12/10/2024,Blue Arrow,delivered
S0204,O0273,12/05/2023,Blue Arrow,delivered
S0205,O0274,04/02/2024,Blue Arrow,delivered
S0206,O0278,12/03/2023,Northwind Freight,delivered
S0207,O0279,12/08/2023,Northwind Freight,delivered
S0208,O0282,12/03/2024,Coastal Parcel,delivered
S0209,O0283,12/10/2023,Blue Arrow,delivered
S0210,O0284,12/05/2024,Blue Arrow,delivered
S0211,O0285,09/01/2024,Blue Arrow,delivered
S0212,O0286,03/08/2024,Northwind Freight,delivered
S0213,O0287,12/10/2024,Blue Arrow,delivered
S0214,O0288,12/03/2023,Northwind Freight,delivered
S0215,O0289,12/05/2023,Blue Arrow,delivered
S0216,O0290,08/06/2023,Blue Arrow,delivered
S0217,O0291,11/12/2024,Coastal Parcel,delivered
S0218,O0292,12/11/2023,Coastal Parcel,delivered
S0219,O0293,05/04/2024,Northwind Freight,delivered
S0220,O0294,11/09/2023,Coastal Parcel,delivered
S0221,O0295,12/05/2024,Northwind Freight,delivered
S0222,O0296,12/06/2023,Blue Arrow,delivered
S0223,O0298,01/05/2024,Northwind Freight,delivered
S0224,O0299,09/01/2024,Coastal Parcel,delivered
S0225,O0300,08/12/2024,Coastal Parcel,delivered
S0226,O0301,10/06/2023,Northwind Freight,delivered
S0227,O0302,12/12/2023,Blue Arrow,delivered
S0228,O0305,01/06/2024,Coastal Parcel,delivered
S0229,O0306,12/12/2023,Blue Arrow,delivered
S0230,O0307,12/11/2023,Blue Arrow,delivered
S0231,O0309,12/07/2024,Blue Arrow,delivered
S0232,O0310,01/03/2023,Coastal Parcel,delivered
S0233,O0311,12/07/2024,Northwind Freight,delivered
S0234,O0312,12/12/2024,Northwind Freight,delivered
S0235,O0313,12/11/2024,Blue Arrow,delivered
S0236,O0314,12/07/2023,Coastal Parcel,delivered
S0237,O0316,12/09/2023,Blue Arrow,delivered
S0238,O0318,07/03/2023,Coastal Parcel,delivered
S0239,O0320,09/12/2024,Blue Arrow,delivered
S0240,O0321,05/03/2024,Blue Arrow,delivered
S0241,O0323,12/11/2024,Northwind Freight,delivered
S0242,O0325,12/07/2023,Blue Arrow,delivered
S0243,O0326,09/04/2023,Blue Arrow,delivered
S0244,O0327,12/09/2023,Blue Arrow,delivered
S0245,O0328,12/01/2023,Northwind Freight,delivered
S0246,O0329,12/11/2023,Northwind Freight,delivered
S0247,O0330,12/05/2024,Northwind Freight,delivered
S0248,O0331,03/04/2024,Coastal Parcel,delivered
S0249,O0332,09/05/2023,Blue Arrow,delivered
S0250,O0333,12/04/2024,Northwind Freight,delivered
S0251,O0334,02/10/2024,Blue Arrow,delivered
S0252,O0335,12/01/2023,Northwind Freight,delivered
S0253,O0336,12/09/2023,Blue Arrow,delivered
S0254,O0337,12/08/2023,Blue Arrow,delivered
S0255,O0338,09/10/2023,Blue Arrow,delivered
S0256,O0339,12/05/2023,Northwind Freight,delivered
S0257,O0342,09/03/2023,Northwind Freight,delivered
S0258,O0344,06/07/2024,Northwind Freight,delivered
S0259,O0345,12/06/2024,Blue Arrow,delivered
S0260,O0346,01/09/2024,Coastal Parcel,delivered
S0261,O0347,12/12/2024,Blue Arrow,delivered
S0262,O0348,12/06/2024,Blue Arrow,delivered
S0263,O0349,12/05/2024,Northwind Freight,delivered
S0264,O0350,12/06/2023,Northwind Freight,delivered
S0265,O0351,12/09/2024,Northwind Freight,delivered
S0266,O0352,10/08/2024,Northwind Freight,delivered
S0267,O0354,12/05/2023,Northwind Freight,delivered
S0268,O0356,12/12/2024,Coastal Parcel,delivered
S0269,O0357,04/05/2023,Northwind Freight,delivered
S0270,O0358,12/10/2024,Coastal Parcel,delivered
S0271,O0359,12/06/2023,Northwind Freight,delivered
S0272,O0360,12/09/2023,Blue Arrow,delivered
S0273,O0361,12/02/2023,Northwind Freight,delivered
S0274,O0362,06/06/2023,Northwind Freight,delivered
S0275,O0363,07/04/2024,Blue Arrow,delivered
S0276,O0364,12/09/2023,Northwind Freight,delivered
S0277,O0365,01/04/2024,Blue Arrow,delivered
S0278,O0366,12/07/2023,Coastal Parcel,delivered
S0279,O0367,12/09/2024,Northwind Freight,delivered
S0280,O0368,12/04/2023,Blue Arrow,delivered
S0281,O0369,12/12/2023,Northwind Freight,delivered
S0282,O0370,12/05/2023,Blue Arrow,delivered
S0283,O0372,06/03/2024,Coastal Parcel,delivered
S0284,O0373,04/11/2023,Northwind Freight,delivered
S0285,O0374,12/04/2024,Coastal Parcel,delivered
S0286,O0376,12/10/2023,Blue Arrow,delivered
S0287,O0377,12/09/2023,Blue Arrow,delivered
S0288,O0378,12/06/2023,Coastal Parcel,delivered
S0289,O0379,12/01/2023,Coastal Parcel,delivered
S0290,O0381,12/02/2023,Coastal Parcel,delivered
S0291,O0382,12/05/2023,Northwind Freight,delivered
S0292,O0384,12/10/2023,Coastal Parcel,delivered
S0293,O0386,12/03/2023,Coastal Parcel,delivered
S0294,O0388,02/06/2024,Blue Arrow,delivered
S0295,O0389,12/11/2024,Blue Arrow,delivered
S0296,O0390,12/01/2024,Northwind Freight,delivered
S0297,O0391,12/01/2023,Northwind Freight,delivered
S0298,O0392,04/01/2024,Coastal Parcel,delivered
S0299,O0394,12/01/2023,Blue Arrow,delivered
S0300,O0395,05/04/2023,Northwind Freight,delivered
S0301,O0396,12/09/2023,Blue Arrow,delivered
S0302,O0397,12/07/2023,Coastal Parcel,delivered
S0303,O0398,12/09/2023,Coastal Parcel,delivered
S0304,O0400,07/06/2024,Coastal Parcel,delivered
S0305,O0401,12/05/2023,Coastal Parcel,delivered
S0306,O0402,12/08/2024,Blue Arrow,delivered
S0307,O0403,12/01/2023,Coastal Parcel,delivered
S0308,O0404,12/09/2024,Coastal Parcel,delivered
S0309,O0405,12/12/2023,Northwind Freight,delivered
S0310,O0406,07/08/2024,Blue Arrow,delivered
S0311,O0407,12/06/2024,Northwind Freight,delivered
S0312,O0408,12/11/2024,Northwind Freight,delivered
S0313,O0409,12/03/2023,Blue Arrow,delivered
S0314,O0410,12/08/2023,Blue Arrow,delivered
S0315,O0411,12/02/2023,Coastal Parcel,delivered
S0316,O0412,09/10/2024,Blue Arrow,delivered
S0317,O0413,12/09/2023,Coastal Parcel,delivered
S0318,O0414,12/02/2023,Blue Arrow,delivered
S0319,O0415,12/05/2023,Northwind Freight,delivered
S0320,O0416,10/09/2024,Blue Arrow,delivered
S0321,O0417,05/11/2023,Blue Arrow,delivered
S0322,O0418,06/04/2023,Coastal Parcel,delivered
S0323,O0419,12/08/2024,Northwind Freight,delivered
S0324,O0421,12/11/2023,Coastal Parcel,delivered
S0325,O0422,12/07/2024,Coastal Parcel,delivered
S0326,O0423,12/06/2023,Northwind Freight,delivered
S0327,O0424,11/10/2023,Northwind Freight,delivered
S0328,O0425,12/06/2023,Coastal Parcel,delivered
S0329,O0428,12/11/2024,Northwind Freight,delivered
S0330,O0429,12/10/2023,Northwind Freight,delivered
S0331,O0430,12/10/2024,Coastal Parcel,delivered
S0332,O0431,12/04/2023,Blue Arrow,delivered
S0333,O0432,12/02/2024,Northwind Freight,delivered
S0334,O0433,12/09/2024,Blue Arrow,delivered
S0335,O0435,05/02/2024,Northwind Freight,delivered
S0336,O0436,12/11/2023,Northwind Freight,delivered
S0337,O0437,12/01/2024,Blue Arrow,delivered
S0338,O0438,12/09/2024,Northwind Freight,delivered
S0339,O0439,12/01/2023,Northwind Freight,delivered
S0340,O0441,12/03/2024,Northwind Freight,delivered
S0341,O0442,08/01/2024,Coastal Parcel,delivered
S0342,O0443,12/01/2023,Blue Arrow,delivered
S0343,O0444,12/01/2024,Blue Arrow,delivered
S0344,O0446,04/10/2024,Blue Arrow,delivered
S0345,O0447,12/04/2023,Blue Arrow,delivered
S0346,O0448,12/11/2023,Blue Arrow,delivered
S0347,O0449,06/06/2024,Coastal Parcel,delivered
S0348,O0450,11/06/2024,Northwind Freight,delivered
S0349,O0451,12/10/2024,Coastal Parcel,delivered
S0350,O0452,10/10/2024,Northwind Freight,delivered
S0351,O0453,12/01/2023,Northwind Freight,delivered
S0352,O0454,12/11/2023,Coastal Parcel,delivered
S0353,O0456,03/11/2024,Blue Arrow,delivered
S0354,O0457,10/03/2024,Coastal Parcel,delivered
S0355,O0458,12/06/2024,Northwind Freight,delivered
S0356,O0459,12/06/2024,Blue Arrow,delivered
S0357,O0462,12/04/2023,Northwind Freight,delivered
S0358,O0463,07/10/2024,Northwind Freight,delivered
S0359,O0464,12/08/2024,Northwind Freight,delivered
S0360,O0465,12/09/2023,Blue Arrow,delivered
S0361,O0466,12/11/2023,Coastal Parcel,delivered
S0362,O0468,03/09/2024,Coastal Parcel,delivered
S0363,O0469,12/05/2024,Northwind Freight,delivered
S0364,O0470,01/02/2024,Northwind Freight,delivered
S0365,O0471,01/05/2023,Coastal Parcel,delivered
S0366,O0473,12/07/2023,Northwind Freight,delivered
S0367,O0474,12/10/2023,Blue Arrow,delivered
S0368,O0475,12/05/2023,Blue Arrow,delivered
S0369,O0478,12/08/2024,Northwind Freight,delivered
S0370,O0479,10/04/2024,Northwind Freight,delivered
S0371,O0481,07/06/2024,Blue Arrow,delivered
S0372,O0482,12/10/2023,Blue Arrow,delivered
S0373,O0484,01/09/2023,Coastal Parcel,delivered
S0374,O0485,12/01/2024,Coastal Parcel,delivered
S0375,O0486,12/11/2023,Blue Arrow,delivered
S0376,O0488,12/10/2024,Blue Arrow,delivered
S0377,O0490,04/02/2023,Coastal Parcel,delivered
S0378,O0491,12/02/2024,Northwind Freight,delivered
S0379,O0492,12/10/2023,Blue Arrow,delivered
S0380,O0494,12/11/2023,Coastal Parcel,delivered
S0381,O0495,12/10/2024,Coastal Parcel,delivered
S0382,O0497,08/01/2023,Northwind Freight,delivered
S0383,O0499,12/02/2023,Northwind Freight,delivered
S0384,O0500,10/04/2023,Northwind Freight,delivered
S0385,O0501,12/09/2024,Blue Arrow,delivered
S0386,O0502,12/03/2024,Northwind Freight,delivered
S0387,O0503,12/10/2024,Northwind Freight,delivered
S0388,O0505,12/07/2023,Northwind Freight,delivered
S0389,O0506,12/06/2023,Blue Arrow,delivered
S0390,O0507,12/03/2023,Northwind Freight,delivered
S0391,O0508,12/10/2024,Northwind Freight,delivered
S0392,O0509,03/09/2023,Coastal Parcel,delivered
S0393,O0510,12/05/2023,Blue Arrow,delivered
S0394,O0512,12/05/2023,Coastal Parcel,delivered
S0395,O0513,12/04/2024,Coastal Parcel,delivered
S0396,O0515,12/10/2023,Northwind Freight,delivered
S0397,O0516,08/05/2023,Coastal Parcel,delivered
S0398,O0517,12/10/2023,Blue Arrow,delivered
S0399,O0518,12/05/2024,Coastal Parcel,delivered
S0400,O0520,12/05/2024,Northwind Freight,delivered
S0401,O0521,12/04/2023,Blue Arrow,delivered
S0402,O0522,12/11/2024,Blue Arrow,delivered
S0403,O0523,07/02/2023,Northwind Freight,delivered
S0404,O0525,12/11/2023,Northwind Freight,delivered
S0405,O0526,01/01/2024,Coastal Parcel,delivered
S0406,O0529,12/08/2023,Northwind Freight,delivered
S0407,O0530,12/09/2024,Coastal Parcel,delivered
S0408,O0531,12/06/2023,Northwind Freight,delivered
S0409,O0532,12/02/2023,Coastal Parcel,delivered
S0410,O0533,12/01/2024,Northwind Freight,delivered
S0411,O0534,12/10/2023,Blue Arrow,delivered
S0412,O0535,12/12/2023,Blue Arrow,delivered
S0413,O0536,12/06/2023,Northwind Freight,delivered
S0414,O0537,12/11/2024,Northwind Freight,delivered
S0415,O0538,03/12/2023,Coastal Parcel,delivered
S0416,O0539,12/06/2023,Northwind Freight,delivered
S0417,O0542,03/06/2023,Blue Arrow,delivered
S0418,O0543,12/08/2023,Northwind Freight,delivered
S0419,O0544,12/08/2024,Blue Arrow,delivered
S0420,O0545,12/09/2023,Coastal Parcel,delivered
S0421,O0546,12/07/2023,Northwind Freight,delivered
S0422,O0547,12/09/2023,Blue Arrow,delivered
S0423,O0548,09/01/2025,Blue Arrow,delivered
S0424,O0551,12/05/2023,Coastal Parcel,delivered
S0425,O0553,06/12/2024,Coastal Parcel,delivered
S0426,O0554,07/04/2023,Northwind Freight,delivered
S0427,O0555,12/02/2023,Blue Arrow,delivered
S0428,O0556,12/04/2024,Coastal Parcel,delivered
S0429,O0557,10/04/2023,Coastal Parcel,delivered
S0430,O0558,11/01/2024,Blue Arrow,delivered
S0431,O0559,12/11/2024,Blue Arrow,delivered
S0432,O0560,02/07/2024,Blue Arrow,delivered
S0433,O0561,10/01/2024,Northwind Freight,delivered
S0434,O0562,12/04/2023,Blue Arrow,delivered
S0435,O0564,12/01/2023,Coastal Parcel,delivered
S0436,O0565,12/07/2024,Coastal Parcel,delivered
S0437,O0567,12/01/2023,Blue Arrow,delivered
S0438,O0568,10/02/2023,Blue Arrow,delivered
S0439,O0569,01/11/2024,Northwind Freight,delivered
S0440,O0570,12/12/2024,Northwind Freight,delivered
S0441,O0572,12/11/2023,Northwind Freight,delivered
S0442,O0573,03/07/2023,Coastal Parcel,delivered
S0443,O0574,12/04/2024,Coastal Parcel,delivered
S0444,O0575,12/05/2024,Coastal Parcel,delivered
S0445,O0577,12/10/2023,Blue Arrow,delivered
S0446,O0579,12/04/2023,Coastal Parcel,delivered
S0447,O0581,10/11/2023,Northwind Freight,delivered
S0448,O0582,12/10/2024,Northwind Freight,delivered
S0449,O0583,02/01/2025,Blue Arrow,delivered
S0450,O0584,10/09/2023,Northwind Freight,delivered
S0451,O0585,12/01/2023,Northwind Freight,delivered
S0452,O0586,12/08/2024,Coastal Parcel,delivered
S0453,O0587,12/11/2023,Coastal Parcel,delivered
S0454,O0588,12/12/2023,Northwind Freight,delivered
S0455,O0591,12/07/2023,Coastal Parcel,delivered
S0456,O0592,12/10/2024,Blue Arrow,delivered
S0457,O0593,12/02/2024,Blue Arrow,delivered
S0458,O0594,04/11/2024,Northwind Freight,delivered
S0459,O0596,12/05/2023,Blue Arrow,delivered
S0460,O0597,12/01/2023,Northwind Freight,delivered
S0461,O0599,12/12/2023,Northwind Freight,delivered
S0462,O0600,02/10/2024,Coastal Parcel,delivered
