month,region_name,reported_revenue
2023-01,Asia Pacific,9481.24
2023-01,Europe,4707.12
2023-01,Latin America,6888.49
2023-01,North America,3103.55
2023-01,UK and Ireland,7307.23
2023-02,Asia Pacific,15177.83
2023-02,Europe,3608.53
2023-02,Latin America,7020.13
2023-02,North America,2582.67
2023-02,UK and Ireland,4076.06
2023-03,Asia Pacific,10160.77
2023-03,Europe,1947.78
2023-03,Latin America,2795.80
2023-03,North America,6123.08
2023-03,UK and Ireland,5754.32
2023-04,Asia Pacific,4874.90
2023-04,Europe,6077.39
2023-04,Latin America,9961.24
2023-04,North America,11020.02
2023-04,UK and Ireland,3217.59
2023-05,Asia Pacific,10263.31
2023-05,Europe,7859.59
2023-05,Latin America,12323.05
2023-05,North America,4676.66
2023-05,UK and Ireland,1419.36
2023-06,Asia Pacific,15993.89
2023-06,Europe,3854.26
2023-06,Latin America,3932.78
2023-06,North America,10263.89
2023-06,UK and Ireland,11593.91
2023-07,Asia Pacific,12381.82
2023-07,Europe,10453.35
2023-07,Latin America,7496.51
2023-07,North America,2139.55
2023-07,UK and Ireland,631.14
2023-08,Asia Pacific,2182.56
2023-08,Europe,6231.21
2023-08,Latin America,2313.35
2023-08,North America,6350.37
2023-08,UK and Ireland,4696.85
2023-09,Asia Pacific,9502.37
2023-09,Europe,11985.77
2023-09,Latin America,8195.79
2023-09,North America,7728.92
2023-09,UK and Ireland,11318.27
2023-10,Asia Pacific,1605.22
2023-10,Europe,9429.30
2023-10,Latin America,3721.76
2023-10,North America,12970.63
2023-10,UK and Ireland,7279.19
2023-11,Asia Pacific,9859.48
2023-11,Europe,5187.48
2023-11,Latin America,18290.67
2023-11,North America,5172.25
2023-11,UK and Ireland,4464.97
2023-12,Asia Pacific,2422.93
2023-12,Europe,2438.84
2023-12,Latin America,6575.93
2023-12,North America,9271.23
2023-12,UK and Ireland,2235.92
2024-01,Asia Pacific,7264.64
2024-01,Europe,10838.69
2024-01,Latin America,7325.30
2024-01,North America,120.56
2024-01,UK and Ireland,9786.36
2024-02,Asia Pacific,5014.22
2024-02,Europe,2918.61
2024-02,Latin America,7609.58
2024-02,North America,1561.65
2024-02,UK and Ireland,7221.69
2024-03,Asia Pacific,8515.36
2024-03,Europe,4810.44
2024-03,Latin America,4889.13
2024-03,North America,432.89
2024-03,UK and Ireland,2673.71
2024-04,Asia Pacific,2633.52
2024-04,Europe,5169.36
2024-04,Latin America,14804.94
2024-04,North America,7032.67
2024-04,UK and Ireland,7619.50
2024-05,Asia Pacific,7165.59
2024-05,Europe,6688.20
2024-05,Latin America,3545.59
2024-05,North America,11321.69
2024-05,UK and Ireland,4271.46
2024-06,Asia Pacific,4900.00
2024-06,Europe,7304.63
2024-06,Latin America,14424.14
2024-06,North America,2344.99
2024-06,UK and Ireland,9849.33
2024-07,Asia Pacific,3841.28
2024-07,Europe,14049.69
2024-07,North America,2597.60
2024-07,UK and Ireland,2044.69
2024-08,Asia Pacific,4910.00
2024-08,Europe,10448.81
2024-08,Latin America,3040.04
2024-08,North America,5908.56
2024-08,UK and Ireland,6664.51
2024-09,Asia Pacific,6810.00
2024-09,Europe,3060.50
2024-09,Latin America,9117.22
2024-09,North America,1762.94
2024-09,UK and Ireland,6967.33
2024-10,Asia Pacific,13157.11
2024-10,Europe,8604.32
2024-10,Latin America,14038.53
2024-10,North America,5034.28
2024-10,UK and Ireland,5003.62
2024-11,Asia Pacific,3176.77
2024-11,Europe,2669.56
2024-11,Latin America,16535.44
2024-11,UK and Ireland,7439.20
2024-12,Asia Pacific,6147.01
2024-12,Europe,12140.55
2024-12,Latin America,3742.82
2024-12,North America,2249.44
2024-12,UK and Ireland,1764.70
