customer_id,customer_name,segment
K001,Client 001,Wholesale
K002,Client 002,N/A
K003,Client 003,Wholesale
K004,Client 004,Wholesale
K005,Client 005,N/A
K006,Client 006,N/A
K007,Client 007,Retail
K008,Client 008,Retail
K009,Client 009,N/A
K010,Client 010,Wholesale
K011,Client 011,N/A
K012,Client 012,N/A
K013,Client 013,Retail
K014,Client 014,Retail
K015,Client 015,Wholesale
K016,Client 016,Wholesale
K017,Client 017,Retail
K018,Client 018,Retail
K019,Client 019,N/A
K020,Client 020,N/A
K021,Client 021,N/A
K022,Client 022,Retail
K023,Client 023,N/A
K024,Client 024,Wholesale
K025,Client 025,Wholesale
K026,Client 026,N/A
K027,Client 027,N/A
K028,Client 028,N/A
K029,Client 029,N/A
K030,Client 030,Retail
K031,Client 031,N/A
K032,Client 032,Retail
K033,Client 033,N/A
K034,Client 034,Retail
K035,Client 035,Retail
